Name,Description,Price,Original Price,Category,Subcategory,Brand,SKU,Images,Status
"Magnesium Malate Capsules (180 Count)","Get Magnesium Malate Capsules (180 Count) at unbeatable prices with same-day delivery in Nairobi, Kenya from Supplements Kenya.",3595.00,4994.00,"Food Supplements","","Double Wood","B0DBM77H9J","https://cdn.shopify.com/s/files/1/0668/3384/2462/files/61nZahZiARL._AC_SL1500.jpg?v=1776773200",active
"vitafusion Magnesium Glycinate Gummy","Get vitafusion Magnesium Glycinate Gummy at unbeatable prices with same-day delivery in Nairobi, Kenya from Supplements Kenya.",4295.00,5579.00,"Specialty Supplements","Sleep Supplements","Vitafusion","B0FX5TG1W4","https://cdn.shopify.com/s/files/1/0668/3384/2462/files/71-4cGiwNiL._AC_SL1500.jpg?v=1776158977",active
"Life Extension Body Trim and Appetite Control,","Get Life Extension Body Trim and Appetite Control, at unbeatable prices with same-day delivery in Nairobi, Kenya from Supplements Kenya.",4554.00,,"Weight Management","","Life Extension","","https://cdn.shopify.com/s/files/1/0668/3384/2462/files/71wk9GpjPQL._AC_SL1500.jpg?v=1775299798",active
"Sports Research Collagen Peptides Powder, 680g","Get Sports Research Collagen Peptides Powder, 680g at unbeatable prices with same-day delivery in Nairobi, Kenya from Supplements Kenya.",8495.00,9999.00,"Collagen","Collagen Peptides","Sports Research","","https://cdn.shopify.com/s/files/1/0668/3384/2462/files/fe2e14ed-8998-4015-b406-b8803162ca6e.2d19acf4eac71d52f02db68bc60562ff.avif?v=1774879362",active
"OLLY Adult Probiotic + Prebiotic Digestive Support Gummy, Peach, 70 ct","Get OLLY Adult Probiotic + Prebiotic Digestive Support Gummy, Peach, 70 ct at unbeatable prices with same-day delivery in Nairobi, Kenya from Supplements Kenya.",3795.00,4995.00,"Probiotics & Gut Health","Digestive Supplements","OLLY","","https://cdn.shopify.com/s/files/1/0668/3384/2462/files/ollypro.avif?v=1774861296",active
"OLLY Men's Multivitamin Gummy, Blackberry, 200 ct","Get OLLY Men's Multivitamin Gummy, Blackberry, 200 ct at unbeatable prices with same-day delivery in Nairobi, Kenya from Supplements Kenya.",3795.00,4995.00,"Men's Health","Men's Multivitamins","OLLY","","https://cdn.shopify.com/s/files/1/0668/3384/2462/files/MENMULTI2001.avif?v=1774861019",active
"Nature Made Prenatal Vitamins for Women with Folic Acid + DHA","Get Nature Made Prenatal Vitamins for Women with Folic Acid + DHA at unbeatable prices with same-day delivery in Nairobi, Kenya from Supplements Kenya.",4999.00,5500.00,"Food Supplements","","Nature Made","","https://cdn.shopify.com/s/files/1/0668/3384/2462/files/71XV3_ZIB2L._AC_SL1500.jpg?v=1774859083",active
"Dr. Mercola L-Glycine","Get Dr. Mercola L-Glycine at unbeatable prices with same-day delivery in Nairobi, Kenya from Supplements Kenya.",4299.00,5500.00,"Food Supplements","","Dr. Mercola","","https://cdn.shopify.com/s/files/1/0668/3384/2462/files/61DOYib9DnL._AC_SL1500.jpg?v=1774689451",active
"HelloPharmacist BioIdentical Progesterone Cream 3 oz","Get HelloPharmacist BioIdentical Progesterone Cream 3 oz at unbeatable prices with same-day delivery in Nairobi, Kenya from Supplements Kenya.",10450.00,14995.00,"Women's Health","Women's Multivitamins","HelloPharmacist","","https://cdn.shopify.com/s/files/1/0668/3384/2462/files/71u-e1gbglL._AC_SL1500.jpg?v=1774271633",active
"DHEA 75 MG TOPICAL GEL","Get DHEA 75 MG TOPICAL GEL at unbeatable prices with same-day delivery in Nairobi, Kenya from Supplements Kenya.",10999.00,12999.00,"Food Supplements","","phytogenesis","","https://cdn.shopify.com/s/files/1/0668/3384/2462/files/71b0F_y1-FL._AC_SL1500__2.jpg?v=1773665672",active
"Sports Research  Omega 3","Get Sports Research  Omega 3 at unbeatable prices with same-day delivery in Nairobi, Kenya from Supplements Kenya.",4299.00,6600.00,"Food Supplements","","Sports Research","","https://cdn.shopify.com/s/files/1/0668/3384/2462/files/61WqcJbVylL._AC_SL1500.jpg?v=1773665393",active
"OLLY Women's Multivitamin Gummy 45 Day Supply - 90 Count","Get OLLY Women's Multivitamin Gummy 45 Day Supply - 90 Count at unbeatable prices with same-day delivery in Nairobi, Kenya from Supplements Kenya.",3195.00,4099.00,"Vitamins","Multivitamins","OLLY","B014G4AY1A","https://cdn.shopify.com/s/files/1/0668/3384/2462/files/71G4jCyVkaL._AC_SL1500.jpg?v=1773403491",active
"MaryRuth's, Liquid Morning Multivitamin + Hair Growth","Get MaryRuth's, Liquid Morning Multivitamin + Hair Growth at unbeatable prices with same-day delivery in Nairobi, Kenya from Supplements Kenya.",6899.00,8800.00,"Food Supplements","","MaryRuth Organics","","https://cdn.shopify.com/s/files/1/0668/3384/2462/files/24_1.avif?v=1773229954",active
"Muscle Milk Genuine 32g Whey Protein Powder, Vanilla Cream 1.12kg","Get Muscle Milk Genuine 32g Whey Protein Powder, Vanilla Cream 1.12kg at unbeatable prices with same-day delivery in Nairobi, Kenya from Supplements Kenya.",7195.00,9999.00,"Protein","Whey Protein","Muscle Milk","","https://cdn.shopify.com/s/files/1/0668/3384/2462/files/MM1.avif?v=1773210065",active
"Dymatize ISO100 Hydrolyzed Whey Protein Powder, Fruity Pebbles","Get Dymatize ISO100 Hydrolyzed Whey Protein Powder, Fruity Pebbles at unbeatable prices with same-day delivery in Nairobi, Kenya from Supplements Kenya.",7195.00,8995.00,"Protein","Whey Protein","Dymatize","","https://cdn.shopify.com/s/files/1/0668/3384/2462/files/ISOPEBBLES1.avif?v=1773209588",active
"ISO100 clear pineapple passion punch dymatize 650g","Get ISO100 clear pineapple passion punch dymatize 650g at unbeatable prices with same-day delivery in Nairobi, Kenya from Supplements Kenya.",5995.00,7995.00,"Protein","Whey Protein","Dymatize","","https://cdn.shopify.com/s/files/1/0668/3384/2462/files/ISO650PINEAPPLE.avif?v=1773208418",active
"Vital Nutrients DHEA 25mg","Get Vital Nutrients DHEA 25mg at unbeatable prices with same-day delivery in Nairobi, Kenya from Supplements Kenya.",3599.00,4500.00,"Food Supplements","","Vital Nutrients","","https://cdn.shopify.com/s/files/1/0668/3384/2462/files/61KonmCy-yL._AC_SL1500.jpg?v=1772613569",active
"Nutricost Diosmin with Hesperidin (1000mg)","Get Nutricost Diosmin with Hesperidin (1000mg) at unbeatable prices with same-day delivery in Nairobi, Kenya from Supplements Kenya.",3599.00,5600.00,"Food Supplements","","Nutricost","","https://cdn.shopify.com/s/files/1/0668/3384/2462/files/Nutricost_Diosmin_with_Hesperidin.webp?v=1773055480",active
"OLLY Restful Sleep Gummies, Blackberry, 110 ct.","Get OLLY Restful Sleep Gummies, Blackberry, 110 ct. at unbeatable prices with same-day delivery in Nairobi, Kenya from Supplements Kenya.",3999.00,5500.00,"Food Supplements","","Olly","","https://cdn.shopify.com/s/files/1/0668/3384/2462/files/0f86d8b2-89a0-4e6c-9c77-14379651427c.a278e503cd49235e2ab0279d03203971.avif?v=1771842995",active
"One A Day Multivitamin for Men 300tablets","Get One A Day Multivitamin for Men 300tablets at unbeatable prices with same-day delivery in Nairobi, Kenya from Supplements Kenya.",3799.00,,"Vitamins","Multivitamins","One A Day","","https://cdn.shopify.com/s/files/1/0668/3384/2462/files/4d42740f-7573-4bed-ae85-e189805ad697.12e209f2ca957d6abc8330d1b7c6bdb1.avif?v=1771842631",active
"Sports Research Berberine 90 soft gels  + coconut oil","Get Sports Research Berberine 90 soft gels  + coconut oil at unbeatable prices with same-day delivery in Nairobi, Kenya from Supplements Kenya.",5999.00,7500.00,"Food Supplements","","Sports Research","","https://cdn.shopify.com/s/files/1/0668/3384/2462/files/51-1m0Y1i8L._AC_SL1200_f1c07725-6063-4963-8348-01186b886964.jpg?v=1771839757",active
"Nature Made Flaxseed Oil 1400 mg Softgels, 300 ct.","Get Nature Made Flaxseed Oil 1400 mg Softgels, 300 ct. at unbeatable prices with same-day delivery in Nairobi, Kenya from Supplements Kenya.",3399.00,4500.00,"Food Supplements","","Nature Made","","https://cdn.shopify.com/s/files/1/0668/3384/2462/files/82019d3b-b343-4422-b7f2-998d3041fa3d.d262e07c8275bbb877a1d485a8fc0d90_94f6292c-0dfd-47d7-a4ed-b9715025f63a.avif?v=1771512983",active
"OLLY Kids Multivitamin + Probiotic Gummy, Berry, 160 ct.","Get OLLY Kids Multivitamin + Probiotic Gummy, Berry, 160 ct. at unbeatable prices with same-day delivery in Nairobi, Kenya from Supplements Kenya.",3900.00,4500.00,"Probiotics & Gut Health","Probiotics","Olly","","https://cdn.shopify.com/s/files/1/0668/3384/2462/files/aecd3a06-082d-4bbb-aeb4-7e1530cbee29.a36af8dc545c9954b24ced3eb60ef171_1.avif?v=1771512583",active
"OLLY Women's Multivitamin Gummies, 200 ct.","Get OLLY Women's Multivitamin Gummies, 200 ct. at unbeatable prices with same-day delivery in Nairobi, Kenya from Supplements Kenya.",3999.00,5500.00,"Vitamins","Multivitamins","Olly","","https://cdn.shopify.com/s/files/1/0668/3384/2462/files/75e39595-90a6-4493-8287-c878e7f3d1d0.8d5a230a8822fa48d3328132ed0d6e3b.avif?v=1771510820",active
"Silver Women 50+ Multivitamin, 275 Tablets","Get Silver Women 50+ Multivitamin, 275 Tablets at unbeatable prices with same-day delivery in Nairobi, Kenya from Supplements Kenya.",4399.00,5500.00,"Vitamins","Multivitamins","Centrum","","https://cdn.shopify.com/s/files/1/0668/3384/2462/files/6b4f9f9f-63a1-486f-b31a-10c561f5598c.a4db199c5fb09ce625b2bd3e06393762.avif?v=1771234585",active
"Vital Nutrients Lithium Orotate 5mg","Get Vital Nutrients Lithium Orotate 5mg at unbeatable prices with same-day delivery in Nairobi, Kenya from Supplements Kenya.",4999.00,7342.00,"Specialty Supplements","Brain & Cognitive","Vital Nutrients","B000Z4ZQB4  B000Z4ZQB4","https://cdn.shopify.com/s/files/1/0668/3384/2462/files/61YxZKlkLfL._AC_SL1500.jpg?v=1770724540",active
"Slippery Elm Capsules, 100 Capsules","Get Slippery Elm Capsules, 100 Capsules at unbeatable prices with same-day delivery in Nairobi, Kenya from Supplements Kenya.",1995.00,2999.00,"Probiotics & Gut Health","Digestive Supplements","Nature's Way","B00068PUJM  B00068PUJM","https://cdn.shopify.com/s/files/1/0668/3384/2462/files/61K9Ygh3ZVL._AC_SL1500.jpg?v=1770200594",active
"Jarrow Formulas Saccharomyces Boulardii + MOS Probiotics 180 Capsules","Get Jarrow Formulas Saccharomyces Boulardii + MOS Probiotics 180 Capsules at unbeatable prices with same-day delivery in Nairobi, Kenya from Supplements Kenya.",7495.00,8995.00,"Probiotics & Gut Health","Digestive Supplements","Jarrow Formulas","","https://cdn.shopify.com/s/files/1/0668/3384/2462/files/712PoBlQ7DL._AC_SL1500.jpg?v=1770027507",draft
"Organic Excellence Feminine  Wild Yam","Get Organic Excellence Feminine  Wild Yam at unbeatable prices with same-day delivery in Nairobi, Kenya from Supplements Kenya.",6799.00,7500.00,"Women's Health","Women's Multivitamins","organic excellence","","https://cdn.shopify.com/s/files/1/0668/3384/2462/files/61ADMwTLC7L._AC_SL1500.jpg?v=1769606523",active
"Micro Ingredients L-Arginine 1000mg with MCT Oil,","Get Micro Ingredients L-Arginine 1000mg with MCT Oil, at unbeatable prices with same-day delivery in Nairobi, Kenya from Supplements Kenya.",3900.00,4500.00,"Food Supplements","","Micro Ingredients","","https://cdn.shopify.com/s/files/1/0668/3384/2462/files/71qE7sUwwcL._AC_SL1500.jpg?v=1769605221",active
"Jarro Dophilus Probiotics 10 Billion CFU 60 Veggie Capsules","Get Jarro Dophilus Probiotics 10 Billion CFU 60 Veggie Capsules at unbeatable prices with same-day delivery in Nairobi, Kenya from Supplements Kenya.",4495.00,6295.00,"Probiotics & Gut Health","Probiotics","Jarrow Formulas","B00028NV2E  B00028NV2E","https://cdn.shopify.com/s/files/1/0668/3384/2462/files/71xO8KayJzL._AC_SL1500.jpg?v=1769421385",active
"Ginkgo Biloba 120mg, 240 Capsules","Get Ginkgo Biloba 120mg, 240 Capsules at unbeatable prices with same-day delivery in Nairobi, Kenya from Supplements Kenya.",3395.00,4392.00,"Specialty Supplements","Brain & Cognitive","Nutricost","B01BCULYEC  B01BCULYEC","https://cdn.shopify.com/s/files/1/0668/3384/2462/files/61j1Nbmk3xL._AC_SL1500.jpg?v=1769419285",active
"L-Methylfolate + Methyl B12 Cofactor for Kids","Get L-Methylfolate + Methyl B12 Cofactor for Kids at unbeatable prices with same-day delivery in Nairobi, Kenya from Supplements Kenya.",3995.00,5579.00,"Vitamins","Kids Supplements","Triquetra Health","B0DLCGKQMR  B0DLCGKQMR","https://cdn.shopify.com/s/files/1/0668/3384/2462/files/organic-kids-l-methylfolate-methyl-b12-cofactor-5-mthf-kenya-1.jpg?v=1769198314",active
"Micro Ingredients Oil of Oregano Softgel","Get Micro Ingredients Oil of Oregano Softgel at unbeatable prices with same-day delivery in Nairobi, Kenya from Supplements Kenya.",4299.00,6600.00,"Food Supplements","","Micro Ingredients","","https://cdn.shopify.com/s/files/1/0668/3384/2462/files/micro-ingredients-oil-of-oregano-softgel-kenya-1.jpg?v=1769198314",active
"Omega-3 Fish Oil 2200mg - Sports Research?","Get Omega-3 Fish Oil 2200mg - Sports Research? at unbeatable prices with same-day delivery in Nairobi, Kenya from Supplements Kenya.",6099.00,7500.00,"Food Supplements","","Sports Research","","https://cdn.shopify.com/s/files/1/0668/3384/2462/files/sports-research-r-total-omega-3-fish-oil-2200mg-kenya-1.jpg?v=1769198315",active
"Lithium Orotate - Vital Nutrients 20mg","Get Lithium Orotate - Vital Nutrients 20mg at unbeatable prices with same-day delivery in Nairobi, Kenya from Supplements Kenya.",7800.00,9800.00,"Food Supplements","","vital nutrients","","https://cdn.shopify.com/s/files/1/0668/3384/2462/files/vital-nutrients-lithium-orotate-20mg-kenya-1.jpg?v=1769198314",active
"Fem-Dophilus Vaginal Probiotics","Get Fem-Dophilus Vaginal Probiotics at unbeatable prices with same-day delivery in Nairobi, Kenya from Supplements Kenya.",6299.00,8500.00,"Probiotics & Gut Health","Probiotics","Jarrow Formulas","","https://cdn.shopify.com/s/files/1/0668/3384/2462/files/jarrow-formulas-fem-dophilus-vaginal-probiotics-1-billion-cfu-kenya-1.jpg?v=1769198314",active
"D-Ribose Powder (250 Grams)","Get D-Ribose Powder (250 Grams) at unbeatable prices with same-day delivery in Nairobi, Kenya from Supplements Kenya.",3795.00,55000.00,"Food Supplements","","Nutricost","","https://cdn.shopify.com/s/files/1/0668/3384/2462/files/nutricost-d-ribose-powder-250-grams-kenya-1.jpg?v=1769198315",active
"Flaxseed Oil 1000 mg","Get Flaxseed Oil 1000 mg at unbeatable prices with same-day delivery in Nairobi, Kenya from Supplements Kenya.",4195.00,4500.00,"Food Supplements","","Nature Made","","https://cdn.shopify.com/s/files/1/0668/3384/2462/files/71cNos0_MaL._AC_SL1500.jpg?v=1777021303",active
"CholestOff Plus - Nature Made","Get CholestOff Plus - Nature Made at unbeatable prices with same-day delivery in Nairobi, Kenya from Supplements Kenya.",6195.00,7500.00,"Food Supplements","","nature made","","https://cdn.shopify.com/s/files/1/0668/3384/2462/files/nature-made-cholestoff-plus-kenya-1.jpg?v=1769198314",active
"Double Wood Supplements NMN 250mg","Get Double Wood Supplements NMN 250mg at unbeatable prices with same-day delivery in Nairobi, Kenya from Supplements Kenya.",7800.00,8800.00,"Food Supplements","","Double Wood","","https://cdn.shopify.com/s/files/1/0668/3384/2462/files/double-wood-supplements-nmn-250mg-kenya-1.jpg?v=1769198314",active
"OLLY Kids Multivitamin & Probiotic","Get OLLY Kids Multivitamin & Probiotic at unbeatable prices with same-day delivery in Nairobi, Kenya from Supplements Kenya.",2145.00,3500.00,"Probiotics & Gut Health","Probiotics","Olly","","https://cdn.shopify.com/s/files/1/0668/3384/2462/files/71iavi4-y-L._AC_SX679.jpg?v=1767861155",active
"Sports Research Evening Primrose","Get Sports Research Evening Primrose at unbeatable prices with same-day delivery in Nairobi, Kenya from Supplements Kenya.",4299.00,5500.00,"Women's Health","Hormonal Balance","Sports Research","","https://cdn.shopify.com/s/files/1/0668/3384/2462/files/61sb7unJ0FL._AC_SL1200.jpg?v=1775041579",active
"Centrum Minis Silver Women's Multivitamin for Women 50 Plus","Get Centrum Minis Silver Women's Multivitamin for Women 50 Plus at unbeatable prices with same-day delivery in Nairobi, Kenya from Supplements Kenya.",4299.00,5600.00,"Food Supplements","","Centrum","","https://cdn.shopify.com/s/files/1/0668/3384/2462/files/71c_sDK40xL._AC_SL1500.jpg?v=1765788684",active
"Life Extension Thyroid Support Complex","Get Life Extension Thyroid Support Complex at unbeatable prices with same-day delivery in Nairobi, Kenya from Supplements Kenya.",5299.00,7999.00,"Food Supplements","","Life Extension","","https://cdn.shopify.com/s/files/1/0668/3384/2462/files/71ytzVQIVcL._AC_SL1500.jpg?v=1765442937",active
"Myo-Inositol & D-Chiro Inositol  Folate and Vitamin D","Get Myo-Inositol & D-Chiro Inositol  Folate and Vitamin D at unbeatable prices with same-day delivery in Nairobi, Kenya from Supplements Kenya.",5840.00,7500.00,"Food Supplements","","Wholesome Story","","https://cdn.shopify.com/s/files/1/0668/3384/2462/files/719zJh5SVtL._AC_SL1500.jpg?v=1765441690",active
"Life Extension Melatonin 3MG","Get Life Extension Melatonin 3MG at unbeatable prices with same-day delivery in Nairobi, Kenya from Supplements Kenya.",2799.00,3500.00,"Food Supplements","","Life Extension","","https://cdn.shopify.com/s/files/1/0668/3384/2462/files/71XJ72QxrsL._AC_SL1500__2.jpg?v=1765367208",active
"Booty Gummies for Women","Get Booty Gummies for Women at unbeatable prices with same-day delivery in Nairobi, Kenya from Supplements Kenya.",5495.00,6813.00,"Weight Management","","Misc","?B0FD3JTNZS","https://cdn.shopify.com/s/files/1/0668/3384/2462/files/71elS6ISA6L._AC_SL1500.jpg?v=1765246435",active
"Weight Gainer Pro Performance","Get Weight Gainer Pro Performance at unbeatable prices with same-day delivery in Nairobi, Kenya from Supplements Kenya.",8815.00,8814.00,"Protein","Protein Powder","GNC","?B01MYU7E44","https://cdn.shopify.com/s/files/1/0668/3384/2462/files/51gQ4tRPYAL._AC_SL1500.jpg?v=1765246115",active
"Weight Gain Powder Supplement -Instant Nutrition","Get Weight Gain Powder Supplement -Instant Nutrition at unbeatable prices with same-day delivery in Nairobi, Kenya from Supplements Kenya.",4995.00,7994.00,"Weight Management","","Naturade","?B00024CQ74","https://cdn.shopify.com/s/files/1/0668/3384/2462/files/71WtXlSAtIL._AC_SL1500.jpg?v=1765245918",active
"alli Weight Loss Pills","Get alli Weight Loss Pills at unbeatable prices with same-day delivery in Nairobi, Kenya from Supplements Kenya.",9599.00,15000.00,"Weight Management","","GSK","","https://cdn.shopify.com/s/files/1/0668/3384/2462/files/717ZpO5vElL._AC_SL1500.jpg?v=1776328974",active
"Berberine Supplement","Get Berberine Supplement at unbeatable prices with same-day delivery in Nairobi, Kenya from Supplements Kenya.",4065.00,5861.00,"Specialty Supplements","Herbal Supplements","Sports Research","?B0CLFJ9BNM","https://cdn.shopify.com/s/files/1/0668/3384/2462/files/515PLpdLmqL._AC_SL1200.jpg?v=1771321547",active
"Ginkgo Biloba Doctor's Best Extra Strength","Get Ginkgo Biloba Doctor's Best Extra Strength at unbeatable prices with same-day delivery in Nairobi, Kenya from Supplements Kenya.",2995.00,,"Food Supplements","","Doctor's Best","?B000NRXNT0","https://cdn.shopify.com/s/files/1/0668/3384/2462/files/71zO-y5ws6L._AC_SL1500.jpg?v=1765067993",active
"One A Day Multivitamin for Women 50+","Get One A Day Multivitamin for Women 50+ at unbeatable prices with same-day delivery in Nairobi, Kenya from Supplements Kenya.",3995.00,4500.00,"Vitamins","Multivitamins","One A Day","","https://cdn.shopify.com/s/files/1/0668/3384/2462/files/71Pq6fBtS8L._AC_SL1500_16633b79-3367-4e4f-823d-3908b21f5670.jpg?v=1764760259",active
"Life Extension Super Vitamin E 400 IU","Get Life Extension Super Vitamin E 400 IU at unbeatable prices with same-day delivery in Nairobi, Kenya from Supplements Kenya.",3695.00,4500.00,"Food Supplements","","Life Extension","","https://cdn.shopify.com/s/files/1/0668/3384/2462/files/life-extension-super-vitamin-e-400-iu-kenya-1.jpg?v=1764693077",active
"Nature Made Daily Diabetes Health Pack, 30 Packets.","Get Nature Made Daily Diabetes Health Pack, 30 Packets. at unbeatable prices with same-day delivery in Nairobi, Kenya from Supplements Kenya.",4595.00,6600.00,"Food Supplements","","Nature Made","","https://cdn.shopify.com/s/files/1/0668/3384/2462/files/nature-made-daily-diabetes-health-pack-30-packets-kenya-1.jpg?v=1764693076",active
"Optimum Nutrition Micronized Creatine Powder, Unflavored, 23.8 oz","Get Optimum Nutrition Micronized Creatine Powder, Unflavored, 23.8 oz at unbeatable prices with same-day delivery in Nairobi, Kenya from Supplements Kenya.",3895.00,5500.00,"Protein","Creatine","Optimum Nutrition","","https://cdn.shopify.com/s/files/1/0668/3384/2462/files/optimum-nutrition-micronized-creatine-powder-unflavored-23-8-oz-kenya-1.avif?v=1764693077",active
"One A Day Multivitamin for Men","Get One A Day Multivitamin for Men at unbeatable prices with same-day delivery in Nairobi, Kenya from Supplements Kenya.",3595.00,4500.00,"Vitamins","Multivitamins","One A Day","","https://cdn.shopify.com/s/files/1/0668/3384/2462/files/71HWs2wWziL._AC_SL1500.jpg?v=1763551597",active
"California Gold Nutrition CollagenUP?, Hydrolyzed Marine Collagen","Get California Gold Nutrition CollagenUP?, Hydrolyzed Marine Collagen at unbeatable prices with same-day delivery in Nairobi, Kenya from Supplements Kenya.",3995.00,4500.00,"Collagen","Collagen Peptides","California Gold Nutrition","","https://cdn.shopify.com/s/files/1/0668/3384/2462/files/california-gold-nutrition-collagenup-r-hydrolyzed-marine-collagen-kenya-1.jpg?v=1764693076",active
"Sports Research? Vitamin D3 + K2 60CT","Get Sports Research? Vitamin D3 + K2 60CT at unbeatable prices with same-day delivery in Nairobi, Kenya from Supplements Kenya.",4395.00,5295.00,"Vitamins","Vitamin D","Sports Research","?B0DD5ZC8PW","https://cdn.shopify.com/s/files/1/0668/3384/2462/files/sports-research-r-vitamin-d3-k2-60ct-kenya-1.jpg?v=1764693076",active
"DHT Block","Get DHT Block at unbeatable prices with same-day delivery in Nairobi, Kenya from Supplements Kenya.",7995.00,8500.00,"Women's Health","Hormonal Balance","Gentle Action","","https://cdn.shopify.com/s/files/1/0668/3384/2462/files/dht-block-kenya-1.jpg?v=1764693077",active
"Nature's Way Vitex, 320 Capsules","Get Nature's Way Vitex, 320 Capsules at unbeatable prices with same-day delivery in Nairobi, Kenya from Supplements Kenya.",4195.00,5000.00,"Food Supplements","","Nature's Way","","https://cdn.shopify.com/s/files/1/0668/3384/2462/files/nature-s-way-vitex-320-capsules-kenya-1.jpg?v=1764693077",active
"One A Day Multivitamin for Women - Daily Vitamins 200 tablets","Get One A Day Multivitamin for Women - Daily Vitamins 200 tablets at unbeatable prices with same-day delivery in Nairobi, Kenya from Supplements Kenya.",3399.00,,"Vitamins","Multivitamins","ONE A DAY","?B09QBKGDLS","https://cdn.shopify.com/s/files/1/0668/3384/2462/files/one-a-day-multivitamin-for-women-daily-vitamins-200-tablets-kenya-2.jpg?v=1768552157",active
"Nutricost HMB (Beta-Hydroxy Beta-Methylbutyrate)","Get Nutricost HMB (Beta-Hydroxy Beta-Methylbutyrate) at unbeatable prices with same-day delivery in Nairobi, Kenya from Supplements Kenya.",2995.00,3500.00,"Food Supplements","","Nutricost","","https://cdn.shopify.com/s/files/1/0668/3384/2462/files/nutricost-hmb-1000mg-kenya-1.jpg?v=1764693077",active
"MaryRuth?s Nighttime Multimineral","Get MaryRuth?s Nighttime Multimineral at unbeatable prices with same-day delivery in Nairobi, Kenya from Supplements Kenya.",4995.00,2273.00,"Vitamins","Multivitamins","MaryRuth Organics","","https://cdn.shopify.com/s/files/1/0668/3384/2462/files/maryruth-s-nighttime-multimineral-kenya-1.webp?v=1764693109",active
"OLLY Sleep Gummy","Get OLLY Sleep Gummy at unbeatable prices with same-day delivery in Nairobi, Kenya from Supplements Kenya.",2595.00,1491.00,"Food Supplements","Gummies","Olly","","https://cdn.shopify.com/s/files/1/0668/3384/2462/files/olly-sleep-gummy-kenya-1.jpg?v=1764693109",active
"Life Extension Decaffeinated Mega Green Tea Extract","Get Life Extension Decaffeinated Mega Green Tea Extract at unbeatable prices with same-day delivery in Nairobi, Kenya from Supplements Kenya.",4195.00,6600.00,"Food Supplements","","Life Extension","","https://cdn.shopify.com/s/files/1/0668/3384/2462/files/life-extension-decaffeinated-mega-green-tea-extract-kenya-1.webp?v=1764693109",active
"Nutricost Nattokinase","Get Nutricost Nattokinase at unbeatable prices with same-day delivery in Nairobi, Kenya from Supplements Kenya.",3395.00,4700.00,"Food Supplements","","Nutricost","","https://cdn.shopify.com/s/files/1/0668/3384/2462/files/nutricost-nattokinase-kenya-1.jpg?v=1764693109",active
"Qunol Mega Ubiquinol CoQ10 100mg Softgels 60 Count","Get Qunol Mega Ubiquinol CoQ10 100mg Softgels 60 Count at unbeatable prices with same-day delivery in Nairobi, Kenya from Supplements Kenya.",4995.00,5495.00,"Food Supplements","","Qunol","?B00ZQULF1C","https://cdn.shopify.com/s/files/1/0668/3384/2462/files/qunol-ubiquinol-coq10-100mg-softgels-60-count-kenya-1.jpg?v=1764693134",draft
"Centrum Silver Men's 50+ Multivitamin 200 Tablets","Get Centrum Silver Men's 50+ Multivitamin 200 Tablets at unbeatable prices with same-day delivery in Nairobi, Kenya from Supplements Kenya.",3095.00,4995.00,"Vitamins","Multivitamins","Centrum","?B09KCD4D7F","https://cdn.shopify.com/s/files/1/0668/3384/2462/files/centrum-silver-men-s-50-multivitamin-200-tablets-kenya-1.jpg?v=1764693134",draft
"Natural Factors Chewable DGL 400 mg 180 Chewable Tablets","Get Natural Factors Chewable DGL 400 mg 180 Chewable Tablets at unbeatable prices with same-day delivery in Nairobi, Kenya from Supplements Kenya.",5099.00,6999.00,"Food Supplements","","Natural Factors","?B0001KFGWQ","https://cdn.shopify.com/s/files/1/0668/3384/2462/files/71i6WFBrUKL._AC_SL1500.jpg?v=1760354713",draft
"MaryRuth's Daily Liquid Hair Formula 650ml","Get MaryRuth's Daily Liquid Hair Formula 650ml at unbeatable prices with same-day delivery in Nairobi, Kenya from Supplements Kenya.",4995.00,6999.00,"Specialty Supplements","Herbal Supplements","MaryRuth Organics","","https://cdn.shopify.com/s/files/1/0668/3384/2462/files/f574aba7-ac6e-4493-ba49-12f07f6a6586.1e8952741d8991856379948477a212d5.webp?v=1760166115",active
"MegaFood Turmeric Curcumin","Get MegaFood Turmeric Curcumin at unbeatable prices with same-day delivery in Nairobi, Kenya from Supplements Kenya.",5395.00,7500.00,"Food Supplements","","MegaFood","","https://cdn.shopify.com/s/files/1/0668/3384/2462/files/71ugBGH8ZuL._AC_SX679.jpg?v=1759152926",active
"Estrogen Balance Elite 60 Tablets","Get Estrogen Balance Elite 60 Tablets at unbeatable prices with same-day delivery in Nairobi, Kenya from Supplements Kenya.",3495.00,4995.00,"Food Supplements","","Life Extension","?B0DFHX7HBP","https://cdn.shopify.com/s/files/1/0668/3384/2462/files/715G0-HmT8L._AC_SL1500.jpg?v=1755340905",draft
"Nutricost Creatine Monohydrate Powder Watermelon","Get Nutricost Creatine Monohydrate Powder Watermelon at unbeatable prices with same-day delivery in Nairobi, Kenya from Supplements Kenya.",4999.00,6999.00,"Protein","Creatine","Nutricost","?B0CDJ2XTQB","https://cdn.shopify.com/s/files/1/0668/3384/2462/files/nutricost-creatine-monohydrate-powder-watermelon-kenya-kenya-1.jpg?v=1754375599",active
"Nutricost Creatine Monohydrate Micronized Powder","Get Nutricost Creatine Monohydrate Micronized Powder at unbeatable prices with same-day delivery in Nairobi, Kenya from Supplements Kenya.",4599.00,6500.00,"Protein","Creatine","Nutricost","?B00GL2HMES","https://cdn.shopify.com/s/files/1/0668/3384/2462/files/nutricost-creatine-monohydrate-micronized-powder-kenya-kenya-1.jpg?v=1754375599",active
"Nutricost Creatine Monohydrate Powder Pineapple Mango","Get Nutricost Creatine Monohydrate Powder Pineapple Mango at unbeatable prices with same-day delivery in Nairobi, Kenya from Supplements Kenya.",4999.00,6999.00,"Protein","Creatine","Nutricost","?B0CDFDDRCF","https://cdn.shopify.com/s/files/1/0668/3384/2462/files/nutricost-creatine-monohydrate-powder-pineapple-mango-kenya-kenya-1.jpg?v=1754375599",draft
"Nutricost Creatine Monohydrate Powder Fruit Punch","Get Nutricost Creatine Monohydrate Powder Fruit Punch at unbeatable prices with same-day delivery in Nairobi, Kenya from Supplements Kenya.",4999.00,7999.00,"Protein","Creatine","Nutricost","?B01M3SO70X","https://cdn.shopify.com/s/files/1/0668/3384/2462/files/nutricost-creatine-monohydrate-powder-fruit-punch-kenya-kenya-1.jpg?v=1754375599",draft
"Nutricost Creatine Monohydrate Powder (Blue Raspberry)","Get Nutricost Creatine Monohydrate Powder (Blue Raspberry) at unbeatable prices with same-day delivery in Nairobi, Kenya from Supplements Kenya.",4999.00,,"Protein","Creatine","Nutricost","?B01MA6LPQR","https://cdn.shopify.com/s/files/1/0668/3384/2462/files/nutricost-creatine-monohydrate-powder-blue-raspberry-kenya-kenya-1.jpg?v=1754375599",draft
"Orgain Organic Whey Protein Powder Creamy Chocolate Fudge","Get Orgain Organic Whey Protein Powder Creamy Chocolate Fudge at unbeatable prices with same-day delivery in Nairobi, Kenya from Supplements Kenya.",6999.00,8999.00,"Protein","Protein Powder","Orgain","?B00J074W94","https://cdn.shopify.com/s/files/1/0668/3384/2462/files/orgain-organic-whey-protein-powder-creamy-chocolate-fudge-kenya-1.webp?v=1754375599",active
"Orgain Organic Whey Protein Powder Vanilla Bean","Get Orgain Organic Whey Protein Powder Vanilla Bean at unbeatable prices with same-day delivery in Nairobi, Kenya from Supplements Kenya.",6999.00,8999.00,"Protein","Protein Powder","Orgain","?B00J074W7Q","https://cdn.shopify.com/s/files/1/0668/3384/2462/files/orgain-organic-whey-protein-powder-vanilla-bean-kenya-1.webp?v=1754375598",active
"Premier Protein Whey Protein Powder Vanilla Milkshake","Get Premier Protein Whey Protein Powder Vanilla Milkshake at unbeatable prices with same-day delivery in Nairobi, Kenya from Supplements Kenya.",11099.00,13999.00,"Protein","Protein Powder","Premier Protein","'13724051980","https://cdn.shopify.com/s/files/1/0668/3384/2462/files/premier-protein-whey-protein-powder-vanilla-milkshake-kenya-1.jpg?v=1754375599",active
"Dymatize ISO 100 Whey Isolate Protein Powder","Get Dymatize ISO 100 Whey Isolate Protein Powder at unbeatable prices with same-day delivery in Nairobi, Kenya from Supplements Kenya.",6999.00,8999.00,"Protein","Protein Powder","Dymatize","'35092794","https://cdn.shopify.com/s/files/1/0668/3384/2462/files/dymatize-iso-100-whey-isolate-protein-powder-kenya-kenya-1.webp?v=1754375598",active
"Optimum Nutrition Whey Protein Powder","Get Optimum Nutrition Whey Protein Powder at unbeatable prices with same-day delivery in Nairobi, Kenya from Supplements Kenya.",6999.00,8999.00,"Protein","Protein Powder","Optimum Nutrition","?B002DYIZH6","https://cdn.shopify.com/s/files/1/0668/3384/2462/files/optimum-nutrition-whey-protein-powder-kenya-kenya-1.jpg?v=1754375651",active
"Premier Whey Protein, Vanilla Milkshake","Get Premier Whey Protein, Vanilla Milkshake at unbeatable prices with same-day delivery in Nairobi, Kenya from Supplements Kenya.",5495.00,6999.00,"Protein","Protein Powder","Premier Protein","?B06ZZ3PJQD","https://cdn.shopify.com/s/files/1/0668/3384/2462/files/premier-whey-protein-vanilla-milkshake-kenya-kenya-1.jpg?v=1754375651",active
"Premier Whey Protein, Chocolate Milkshake","Get Premier Whey Protein, Chocolate Milkshake at unbeatable prices with same-day delivery in Nairobi, Kenya from Supplements Kenya.",5295.00,6495.00,"Protein","Protein Powder","Premier Protein","?B06Y5ZG66K","https://cdn.shopify.com/s/files/1/0668/3384/2462/files/premier-whey-protein-chocolate-milkshake-kenya-kenya-1.jpg?v=1754375651",active
"Nature's Truth Ultra Collagen Peptides","Get Nature's Truth Ultra Collagen Peptides at unbeatable prices with same-day delivery in Nairobi, Kenya from Supplements Kenya.",3495.00,6495.00,"Collagen","Collagen Peptides","Nature's Truth","?B0DJDHM8D8","https://cdn.shopify.com/s/files/1/0668/3384/2462/files/nature-s-truth-ultra-collagen-peptides-kenya-1.jpg?v=1754375727",active
"Magnesium Complex","Get Magnesium Complex at unbeatable prices with same-day delivery in Nairobi, Kenya from Supplements Kenya.",5995.00,6995.00,"Food Supplements","","DECENT NATURE","?B0BH7VS812","https://cdn.shopify.com/s/files/1/0668/3384/2462/files/magnesium-complex-kenya-1.jpg?v=1754375764",active
"Magnesium Glycinate Capsules 420mg 120 Count","Get Magnesium Glycinate Capsules 420mg 120 Count at unbeatable prices with same-day delivery in Nairobi, Kenya from Supplements Kenya.",4195.00,4995.00,"Food Supplements","","Qunol","?B0B6L48TLJ","https://cdn.shopify.com/s/files/1/0668/3384/2462/files/Magnesium-420mg_120ct_PDP_Slide1ALT.webp?v=1762415986",active
"Reduced Glutathione 30s","Get Reduced Glutathione 30s at unbeatable prices with same-day delivery in Nairobi, Kenya from Supplements Kenya.",3999.00,8000.00,"Food Supplements","","Natures Craft","?B01HTOID94","https://cdn.shopify.com/s/files/1/0668/3384/2462/files/natures-craft-reduced-glutathione-advanced-complex-30-capsules-kenya-1.jpg?v=1750800947",active
"Jarrow Formulas Fem-Dophilus 10 Billion CFU","Get Jarrow Formulas Fem-Dophilus 10 Billion CFU at unbeatable prices with same-day delivery in Nairobi, Kenya from Supplements Kenya.",5795.00,7595.00,"Probiotics & Gut Health","Probiotics","Jarrow Formulas","?B0BP4371FK","https://cdn.shopify.com/s/files/1/0668/3384/2462/files/jarrow-formulas-fem-dophilus-10-billion-cfu-kenya-1.jpg?v=1750800893",active
"NeoCell Collagen Bio-Peptides Powder 238g","Get NeoCell Collagen Bio-Peptides Powder 238g at unbeatable prices with same-day delivery in Nairobi, Kenya from Supplements Kenya.",4495.00,,"Collagen","Collagen Peptides","NeoCell","?B0F56JBR54","https://cdn.shopify.com/s/files/1/0668/3384/2462/files/61qNaBNvkEL._AC_SL1500.jpg?v=1762438895",active
"Doctor's Best Betaine HCI Pepsin & Gentian Bitters","Get Doctor's Best Betaine HCI Pepsin & Gentian Bitters at unbeatable prices with same-day delivery in Nairobi, Kenya from Supplements Kenya.",3995.00,4994.00,"Food Supplements","","Doctor's Best","?B000NRTXGW","https://cdn.shopify.com/s/files/1/0668/3384/2462/files/7517785169.jpg?v=1761202444",active
"Glo Melanin Organic Turmeric Soap 110g","Get Glo Melanin Organic Turmeric Soap 110g at unbeatable prices with same-day delivery in Nairobi, Kenya from Supplements Kenya.",2999.00,4894.00,"Food Supplements","Gummies","Glo Melanin","?B0CKFK7XXZ","https://cdn.shopify.com/s/files/1/0668/3384/2462/files/glo-melanin-organic-turmeric-soap-kenya-1.jpg?v=1750800487",active
"OLLY Relaxing Magnesium Gummies","Get OLLY Relaxing Magnesium Gummies at unbeatable prices with same-day delivery in Nairobi, Kenya from Supplements Kenya.",3195.00,4345.00,"Food Supplements","Gummies","Olly","?B0DNRJCM7P","https://cdn.shopify.com/s/files/1/0668/3384/2462/files/olly-relaxing-magnesium-gummies-kenya-1.jpg?v=1750800462",active
"OLLY Heavenly Hair Gummy","Get OLLY Heavenly Hair Gummy at unbeatable prices with same-day delivery in Nairobi, Kenya from Supplements Kenya.",3495.00,4995.00,"Food Supplements","Gummies","Olly","?B08JPS4554","https://cdn.shopify.com/s/files/1/0668/3384/2462/files/olly-heavenly-hair-gummy-kenya-1.jpg?v=1750800454",active
"Sports Research? Organic Collagen Peptides Type I & III","Get Sports Research? Organic Collagen Peptides Type I & III at unbeatable prices with same-day delivery in Nairobi, Kenya from Supplements Kenya.",6795.00,9681.00,"Collagen","Collagen Peptides","Sports Research","'5041590549","https://cdn.shopify.com/s/files/1/0668/3384/2462/files/sports-research-r-organic-collagen-peptides-type-i-and-iii-kenya-1.jpg?v=1750800392",active
"Codeage Liposomal Glutathione Antioxidant Capsules, 120 ct","Get Codeage Liposomal Glutathione Antioxidant Capsules, 120 ct at unbeatable prices with same-day delivery in Nairobi, Kenya from Supplements Kenya.",8995.00,12999.00,"Food Supplements","","Code Age","","https://cdn.shopify.com/s/files/1/0668/3384/2462/files/codeage-liposomal-glutathione-antioxidant-capsules-120-ct-kenya-1.jpg?v=1750800108",active
"Sports Research Vegan Astaxanthin 12mg with Organic Coconut Oil","Get Sports Research Vegan Astaxanthin 12mg with Organic Coconut Oil at unbeatable prices with same-day delivery in Nairobi, Kenya from Supplements Kenya.",5955.00,7124.00,"Specialty Supplements","Immunity","Sports Research","?B00J2GBIU4","https://cdn.shopify.com/s/files/1/0668/3384/2462/files/sports-research-vegan-astaxanthin-12mg-with-organic-coconut-oil-kenya-1.jpg?v=1750800023",active
"MegaFood Quercetin with Bromelain","Get MegaFood Quercetin with Bromelain at unbeatable prices with same-day delivery in Nairobi, Kenya from Supplements Kenya.",5595.00,7342.00,"Specialty Supplements","Immunity","MegaFood","?B0DDDQDF42","https://cdn.shopify.com/s/files/1/0668/3384/2462/files/megafood-quercetin-with-bromelain-kenya-1.jpg?v=1750800004",active
"Jarrow Formulas Probiotics 10 Billion CFU","Get Jarrow Formulas Probiotics 10 Billion CFU at unbeatable prices with same-day delivery in Nairobi, Kenya from Supplements Kenya.",4495.00,6995.00,"Probiotics & Gut Health","Digestive Supplements","Jarrow Formulas","?B00028NV2E","https://cdn.shopify.com/s/files/1/0668/3384/2462/files/jarrow-formulas-probiotics-10-billion-cfu-kenya-1.jpg?v=1750799953",active
"Optimum Nutrition Micronized Creatine Monohydrate Powder Unflavored","Get Optimum Nutrition Micronized Creatine Monohydrate Powder Unflavored at unbeatable prices with same-day delivery in Nairobi, Kenya from Supplements Kenya.",4495.00,5279.00,"Men's Health","Performance Supplements","Optimum Nutrition","?B002DYIZEE","https://cdn.shopify.com/s/files/1/0668/3384/2462/files/optimum-nutrition-micronized-creatine-monohydrate-powder-unflavored-kenya-1.jpg?v=1750799933",active
"Orgain Creatine Monohydrate Micronized Powder","Get Orgain Creatine Monohydrate Micronized Powder at unbeatable prices with same-day delivery in Nairobi, Kenya from Supplements Kenya.",4685.00,6754.00,"Men's Health","Performance Supplements","Orgain","?B0DWGM5ZXQ","https://cdn.shopify.com/s/files/1/0668/3384/2462/files/orgain-creatine-monohydrate-micronized-powder-kenya-1.jpg?v=1750799921",draft
"Ascent Clean Creatine Monohydrate Powder","Get Ascent Clean Creatine Monohydrate Powder at unbeatable prices with same-day delivery in Nairobi, Kenya from Supplements Kenya.",4583.00,6607.00,"Men's Health","Performance Supplements","Small Brands","?B0C9NRW7CP","https://cdn.shopify.com/s/files/1/0668/3384/2462/files/ascent-clean-creatine-monohydrate-powder-kenya-1.jpg?v=1750799909",active
"Creatine HMB - Creatine Monohydrate (Unflavored)","Get Creatine HMB - Creatine Monohydrate (Unflavored) at unbeatable prices with same-day delivery in Nairobi, Kenya from Supplements Kenya.",11095.00,16156.00,"Men's Health","Performance Supplements","Transparent Labs","?B078JZQ5QL","https://cdn.shopify.com/s/files/1/0668/3384/2462/files/creatine-hmb-creatine-monohydrate-unflavored-kenya-1.jpg?v=1750799859",active
"Creatine Monohydrate Micronized","Get Creatine Monohydrate Micronized at unbeatable prices with same-day delivery in Nairobi, Kenya from Supplements Kenya.",4495.00,5273.00,"Men's Health","Performance Supplements","Sports Research","?B0CCJZVJYG","https://cdn.shopify.com/s/files/1/0668/3384/2462/files/creatine-monohydrate-micronized-kenya-1.jpg?v=1750799841",active
"MaryRuth's Liquid Morning Multivitamin 650 ml","Get MaryRuth's Liquid Morning Multivitamin 650 ml at unbeatable prices with same-day delivery in Nairobi, Kenya from Supplements Kenya.",4995.00,5495.00,"Vitamins","Multivitamins","MaryRuth Organics","'294621505","https://cdn.shopify.com/s/files/1/0668/3384/2462/files/large_93eea59b-c968-4436-bfa4-2325f396c4e6.jpg?v=1751632974",active
"Doctor's Best PepZin Zinc-L-Carnosine","Get Doctor's Best PepZin Zinc-L-Carnosine at unbeatable prices with same-day delivery in Nairobi, Kenya from Supplements Kenya.",4995.00,5995.00,"Minerals","Zinc","Doctor's Best","?B0035BYOSA","https://cdn.shopify.com/s/files/1/0668/3384/2462/files/doctor-s-best-pepzin-zinc-l-carnosine-kenya-20771.jpg?v=1750799070",active
"MegaFood Zinc Supplements - Vegan","Get MegaFood Zinc Supplements - Vegan at unbeatable prices with same-day delivery in Nairobi, Kenya from Supplements Kenya.",3995.00,4994.00,"Minerals","Zinc","MegaFood","?B00028OMY0","https://cdn.shopify.com/s/files/1/0668/3384/2462/files/megafood-zinc-supplements-vegan-kenya-26962.jpg?v=1775375776",active
"Zinc Picolinate 50mg (60 Liquid Softgels)","Get Zinc Picolinate 50mg (60 Liquid Softgels) at unbeatable prices with same-day delivery in Nairobi, Kenya from Supplements Kenya.",3995.00,4994.00,"Minerals","Zinc","Sports Research","?B0918RXWRY","https://cdn.shopify.com/s/files/1/0668/3384/2462/files/zinc-picolinate-50mg-60-liquid-softgels-kenya-31034.jpg?v=1750799026",active
"Extra Strength Magnesium Capsules 420mg","Get Extra Strength Magnesium Capsules 420mg at unbeatable prices with same-day delivery in Nairobi, Kenya from Supplements Kenya.",4995.00,6999.00,"Minerals","Magnesium","Qunol","?B0CKGDP313","https://cdn.shopify.com/s/files/1/0668/3384/2462/files/extra-strength-magnesium-capsules-420mg-kenya-97909.jpg?v=1750799005",active
"High Absorption Magnesium Glycinate Lysinate Doctor's Best","Get High Absorption Magnesium Glycinate Lysinate Doctor's Best at unbeatable prices with same-day delivery in Nairobi, Kenya from Supplements Kenya.",3995.00,4995.00,"Minerals","Magnesium","Doctor's Best","?B000BD0RT0","https://cdn.shopify.com/s/files/1/0668/3384/2462/files/Magnesium_Lysinate_Glycinate.png?v=1751387037",active
"Calm-Mag, Magnesium Acetyl taurinate, 30 Capsules","Get Calm-Mag, Magnesium Acetyl taurinate, 30 Capsules at unbeatable prices with same-day delivery in Nairobi, Kenya from Supplements Kenya.",4995.00,5999.00,"Minerals","Magnesium","Life Extension","?B0B75V1P49","https://cdn.shopify.com/s/files/1/0668/3384/2462/files/calm-mag-magnesium-acetyl-taurinate-30-capsules-kenya-47543.jpg?v=1750798992",active
"Magnesium Citrate 100 mg 100 Count","Get Magnesium Citrate 100 mg 100 Count at unbeatable prices with same-day delivery in Nairobi, Kenya from Supplements Kenya.",2195.00,2994.00,"Minerals","Magnesium","Life Extension","?B000LLULUM","https://cdn.shopify.com/s/files/1/0668/3384/2462/files/magnesium-citrate-100-mg-100-count-kenya-26405.jpg?v=1750798976",active
"Magnesium Caps 100s","Get Magnesium Caps 100s at unbeatable prices with same-day delivery in Nairobi, Kenya from Supplements Kenya.",2495.00,3994.00,"Minerals","Magnesium","Life Extension","?B00A7HDABW","https://cdn.shopify.com/s/files/1/0668/3384/2462/files/magnesium-caps-100s-kenya-17149.jpg?v=1750798947",active
"Magnesium Glycinate 90 Capsules","Get Magnesium Glycinate 90 Capsules at unbeatable prices with same-day delivery in Nairobi, Kenya from Supplements Kenya.",3995.00,4995.00,"Minerals","Magnesium","Life Extension","?B0DMTV24LR","https://cdn.shopify.com/s/files/1/0668/3384/2462/files/magnesium-glycinate-90-capsules-kenya-40216.jpg?v=1747257256",active
"Vital Proteins Collagen Peptides Powder Advanced 567g","Get Vital Proteins Collagen Peptides Powder Advanced 567g at unbeatable prices with same-day delivery in Nairobi, Kenya from Supplements Kenya.",8840.00,7339.00,"Collagen","Collagen Peptides","Vital Proteins","?B00K6JUG4K","https://cdn.shopify.com/s/files/1/0668/3384/2462/files/71TirxQ_RQL._AC_SL1500.jpg?v=1768986454",active
"OLLY Undeniable Beauty Gummy","Get OLLY Undeniable Beauty Gummy at unbeatable prices with same-day delivery in Nairobi, Kenya from Supplements Kenya.",3495.00,5994.00,"Collagen","Collagen Peptides","Olly","?B014G3WK9U","https://cdn.shopify.com/s/files/1/0668/3384/2462/files/olly-undeniable-beauty-gummy-kenya-31635.jpg?v=1750798327",active
"OLLY Glowing Skin Collagen Gummy","Get OLLY Glowing Skin Collagen Gummy at unbeatable prices with same-day delivery in Nairobi, Kenya from Supplements Kenya.",3495.00,4994.00,"Collagen","Collagen Peptides","Olly","?B01F7W03PM","https://cdn.shopify.com/s/files/1/0668/3384/2462/files/olly-glowing-skin-collagen-gummy-kenya-27460.jpg?v=1750798313",active
"Nature Made Collagen Gummies","Get Nature Made Collagen Gummies at unbeatable prices with same-day delivery in Nairobi, Kenya from Supplements Kenya.",3995.00,6994.00,"Collagen","Collagen Peptides","Nature Made","?B08FNKSPD2","https://cdn.shopify.com/s/files/1/0668/3384/2462/files/nature-made-collagen-gummies-kenya-31859.jpg?v=1750798300",active
"Vital Proteins Collagen Gummies Grape Flavor","Get Vital Proteins Collagen Gummies Grape Flavor at unbeatable prices with same-day delivery in Nairobi, Kenya from Supplements Kenya.",3995.00,6994.00,"Collagen","Collagen Peptides","Vital Proteins","B08YKJX832","https://cdn.shopify.com/s/files/1/0668/3384/2462/files/vital-proteins-collagen-gummies-grape-flavor-kenya-66180.jpg?v=1750798289",active
"Nature Made Multivitamin + Omega-3","Get Nature Made Multivitamin + Omega-3 at unbeatable prices with same-day delivery in Nairobi, Kenya from Supplements Kenya.",2995.00,3500.00,"Food Supplements","","Nature Made","?B01M35MJYH","https://cdn.shopify.com/s/files/1/0668/3384/2462/files/nature-made-multivitamin-omega-3-kenya-42736.jpg?v=1750798272",active
"Jarrow Formulas Men's Multi+ for Men","Get Jarrow Formulas Men's Multi+ for Men at unbeatable prices with same-day delivery in Nairobi, Kenya from Supplements Kenya.",5495.00,61.00,"Men's Health","Men's Multivitamins","Jarrow Formulas","?B0D45YSK5Z","https://cdn.shopify.com/s/files/1/0668/3384/2462/files/jarrow-formulas-men-s-multi-for-men-kenya-21248.jpg?v=1750798198",draft
"One a Day Men's 50+ Healthy Advantage Multivitamin Tablets","Get One a Day Men's 50+ Healthy Advantage Multivitamin Tablets at unbeatable prices with same-day delivery in Nairobi, Kenya from Supplements Kenya.",4495.00,5995.00,"Men's Health","Men's Multivitamins","One A Day","'6143551635","https://cdn.shopify.com/s/files/1/0668/3384/2462/files/168fa177-4d60-4ea7-8c11-5d4e76b0af95.bb5f10fdbd5f2116c4f84897d5059fb2.avif?v=1774602756",active
"Centrum Silver Men 50+ Immune Support Multivitamin","Get Centrum Silver Men 50+ Immune Support Multivitamin at unbeatable prices with same-day delivery in Nairobi, Kenya from Supplements Kenya.",3995.00,6995.00,"Men's Health","Men's Multivitamins","Centrum","","https://cdn.shopify.com/s/files/1/0668/3384/2462/files/centrum-silver-men-50-immune-support-multivitamin-kenya-59641.jpg?v=1750798184",active
"Vitafusion Adult Gummy Vitamins for Women, 120 Count","Get Vitafusion Adult Gummy Vitamins for Women, 120 Count at unbeatable prices with same-day delivery in Nairobi, Kenya from Supplements Kenya.",3494.00,5994.00,"Women's Health","Women's Multivitamins","Vitafusion","?B0DR8KDZDS","https://cdn.shopify.com/s/files/1/0668/3384/2462/files/vitafusion-adult-gummy-vitamins-for-women-120-count-kenya-29742.jpg?v=1750798168",active
"One A Day Women's 50+ Healthy Advantage Multivitamin","Get One A Day Women's 50+ Healthy Advantage Multivitamin at unbeatable prices with same-day delivery in Nairobi, Kenya from Supplements Kenya.",4495.00,6995.00,"Women's Health","Women's Multivitamins","One a Day","?B07NQNRYLB","https://cdn.shopify.com/s/files/1/0668/3384/2462/files/one-a-day-women-s-50-healthy-advantage-multivitamin-kenya-40453.jpg?v=1750798165",active
"Centrum Silver Women's Multivitamin Women 50 Plus","Get Centrum Silver Women's Multivitamin Women 50 Plus at unbeatable prices with same-day delivery in Nairobi, Kenya from Supplements Kenya.",4495.00,5995.00,"Women's Health","Women's Multivitamins","Centrum","?B09KCCVL9V","https://cdn.shopify.com/s/files/1/0668/3384/2462/files/centrum-silver-women-s-multivitamin-women-50-plus-kenya-64496.jpg?v=1750798155",draft
"MegaFood Blood Builder - Iron Supplement","Get MegaFood Blood Builder - Iron Supplement at unbeatable prices with same-day delivery in Nairobi, Kenya from Supplements Kenya.",3495.00,4994.00,"Minerals","Iron","MegaFood","?B00014ECYU","https://cdn.shopify.com/s/files/1/0668/3384/2462/files/images_3.jpg?v=1759469756",active
"Vital Proteins Matcha Collagen Peptides Powder","Get Vital Proteins Matcha Collagen Peptides Powder at unbeatable prices with same-day delivery in Nairobi, Kenya from Supplements Kenya.",6495.00,9995.00,"Collagen","Collagen Peptides","Vital Proteins","?B0BLF3X7ZT","https://cdn.shopify.com/s/files/1/0668/3384/2462/files/vital-proteins-matcha-collagen-peptides-powder-kenya-86680.jpg?v=1750797799",active
"Vital Proteins Marine Collagen, Wild-Caught Packets","Get Vital Proteins Marine Collagen, Wild-Caught Packets at unbeatable prices with same-day delivery in Nairobi, Kenya from Supplements Kenya.",9495.00,12995.00,"Collagen","Collagen Peptides","Vital Proteins","?B073655SPZ","https://cdn.shopify.com/s/files/1/0668/3384/2462/files/vital-proteins-marine-collagen-wild-caught-packets-kenya-46045.jpg?v=1747256683",active
"Vital Proteins Collagen Peptides Powder Packets (20 Pkts)","Get Vital Proteins Collagen Peptides Powder Packets (20 Pkts) at unbeatable prices with same-day delivery in Nairobi, Kenya from Supplements Kenya.",8495.00,9995.00,"Collagen","Collagen Peptides","Vital Proteins","?B01INKB54I","https://cdn.shopify.com/s/files/1/0668/3384/2462/files/vital-proteins-collagen-peptides-powder-packets-20-pkts-kenya-41329.webp?v=1747256680",active
"Vital Proteins Collagen Peptides Skin Complex","Get Vital Proteins Collagen Peptides Skin Complex at unbeatable prices with same-day delivery in Nairobi, Kenya from Supplements Kenya.",5995.00,8494.00,"Collagen","Collagen Peptides","Vital Proteins","?B0D19MF171","https://cdn.shopify.com/s/files/1/0668/3384/2462/files/vital-proteins-collagen-peptides-skin-complex-kenya-97926.jpg?v=1747256674",active
"Vital Proteins Marine Collagen Peptides Powder","Get Vital Proteins Marine Collagen Peptides Powder at unbeatable prices with same-day delivery in Nairobi, Kenya from Supplements Kenya.",6630.00,7994.00,"Collagen","Collagen Peptides","Vital Proteins","?B07D9WSWFR","https://cdn.shopify.com/s/files/1/0668/3384/2462/files/715Phj33elL._AC_SL1500.jpg?v=1776765220",active
"Vital Proteins Collagen Peptides Capsules","Get Vital Proteins Collagen Peptides Capsules at unbeatable prices with same-day delivery in Nairobi, Kenya from Supplements Kenya.",7495.00,9994.00,"Collagen","Collagen Peptides","Vital Proteins","?B0788SL1J6","https://cdn.shopify.com/s/files/1/0668/3384/2462/files/vital-proteins-collagen-peptides-capsules-kenya-45250.jpg?v=1747256657",active
"Vital Proteins Collagen Peptides Hair Complex 323g","Get Vital Proteins Collagen Peptides Hair Complex 323g at unbeatable prices with same-day delivery in Nairobi, Kenya from Supplements Kenya.",5995.00,7495.00,"Collagen","Collagen Peptides","Vital Proteins","?B0D19FGYZG","https://cdn.shopify.com/s/files/1/0668/3384/2462/files/vital-proteins-collagen-peptides-hair-complex-323g-kenya-87957.jpg?v=1747256650",active
"Vital Proteins Collagen Peptides Advanced Strawberry","Get Vital Proteins Collagen Peptides Advanced Strawberry at unbeatable prices with same-day delivery in Nairobi, Kenya from Supplements Kenya.",5795.00,7800.00,"Collagen","Collagen Peptides","Vital Proteins","?B0D19P1Q9M","https://cdn.shopify.com/s/files/1/0668/3384/2462/files/vital-proteins-collagen-peptides-advanced-strawberry-kenya-37470.jpg?v=1747256643",draft
"Vital Proteins Collagen Peptides Powder Advanced","Get Vital Proteins Collagen Peptides Powder Advanced at unbeatable prices with same-day delivery in Nairobi, Kenya from Supplements Kenya.",5695.00,7695.00,"Collagen","Collagen Peptides","Vital Proteins","?B00NLR1PX0","https://cdn.shopify.com/s/files/1/0668/3384/2462/files/vital-proteins-collagen-peptides-powder-advanced-kenya-37142.webp?v=1747256635",active
"Vital Proteins Collagen Peptides Powder Vanilla","Get Vital Proteins Collagen Peptides Powder Vanilla at unbeatable prices with same-day delivery in Nairobi, Kenya from Supplements Kenya.",5495.00,6995.00,"Collagen","Collagen Peptides","Vital Proteins","?B096YQGYFP","https://cdn.shopify.com/s/files/1/0668/3384/2462/files/vital-proteins-collagen-peptides-powder-vanilla-kenya-63533.jpg?v=1750797759",active
"Vital Proteins Collagen Peptides Powder Lemon","Get Vital Proteins Collagen Peptides Powder Lemon at unbeatable prices with same-day delivery in Nairobi, Kenya from Supplements Kenya.",5495.00,7495.00,"Collagen","Collagen Peptides","Vital Proteins","?B0B3Q1HNQ5","https://cdn.shopify.com/s/files/1/0668/3384/2462/files/vital-proteins-collagen-peptides-powder-lemon-kenya-47976.jpg?v=1747256615",active
"Vital Proteins Collagen Peptides Powder  265G","Get Vital Proteins Collagen Peptides Powder  265G at unbeatable prices with same-day delivery in Nairobi, Kenya from Supplements Kenya.",4995.00,6995.00,"Collagen","Collagen Peptides","Vital Proteins","?B09RQBHRCT","https://cdn.shopify.com/s/files/1/0668/3384/2462/files/vital-proteins-collagen-peptides-powder-265g-kenya-80281.jpg?v=1747256600",draft
"Vital Proteins Cartilage Collagen Pills","Get Vital Proteins Cartilage Collagen Pills at unbeatable prices with same-day delivery in Nairobi, Kenya from Supplements Kenya.",7495.00,9494.00,"Collagen","Collagen Peptides","Vital Proteins","?B07TC4D55L","https://cdn.shopify.com/s/files/1/0668/3384/2462/files/vital-proteins-cartilage-collagen-pills-kenya-13936.jpg?v=1747256587",active
"Benfotiamine Capsule, 250 Mg","Get Benfotiamine Capsule, 250 Mg at unbeatable prices with same-day delivery in Nairobi, Kenya from Supplements Kenya.",4995.00,5500.00,"Vitamins","Vitamin B Complex","Life Extension","","https://cdn.shopify.com/s/files/1/0668/3384/2462/files/benfotiamine-capsule-250-mg-kenya-55909.jpg?v=1750797731",active
"Olay Body Lotion Retinol, 24hr Moisturizer","Get Olay Body Lotion Retinol, 24hr Moisturizer at unbeatable prices with same-day delivery in Nairobi, Kenya from Supplements Kenya.",2999.00,3494.98,"Women's Health","Women's Multivitamins","Olay","?B0D7WSF4MT","https://cdn.shopify.com/s/files/1/0668/3384/2462/files/olay-body-lotion-retinol-24hr-moisturizing-kenya-75246.jpg?v=1747256440",active
"Apricot Extract 500 mg - 90 Vegetarian Capsules","Get Apricot Extract 500 mg - 90 Vegetarian Capsules at unbeatable prices with same-day delivery in Nairobi, Kenya from Supplements Kenya.",3000.00,5195.00,"Food Supplements","","Monoherb","","https://cdn.shopify.com/s/files/1/0668/3384/2462/files/apricot-extract-500-mg-90-vegetarian-capsules-kenya-1.webp?v=1764638321",active
"Black Cohosh Root for Women's Health","Get Black Cohosh Root for Women's Health at unbeatable prices with same-day delivery in Nairobi, Kenya from Supplements Kenya.",3795.00,4494.99,"Women's Health","Women's Multivitamins","Nature's Way","?B00CQ7PXXE","https://cdn.shopify.com/s/files/1/0668/3384/2462/files/black-cohosh-root-for-women-s-health-kenya-78241.jpg?v=1747256152",active
"Life Extension TMG 500 mg ? Trimethylglycine Supplement","Get Life Extension TMG 500 mg ? Trimethylglycine Supplement at unbeatable prices with same-day delivery in Nairobi, Kenya from Supplements Kenya.",3690.00,4494.99,"Food Supplements","","Life Extension","?B00I509FZI","https://cdn.shopify.com/s/files/1/0668/3384/2462/files/life-extension-tmg-500-mg-trimethylglycine-supplement-kenya-51876.jpg?v=1747256119",active
"Mary Ruth's Organic Kids Focus & Attention Liquid Drops","Get Mary Ruth's Organic Kids Focus & Attention Liquid Drops at unbeatable prices with same-day delivery in Nairobi, Kenya from Supplements Kenya.",5600.00,,"Food Supplements","","MaryRuth Organics","","https://cdn.shopify.com/s/files/1/0668/3384/2462/files/mary-ruth-s-organic-kids-focus-and-attention-liquid-drops-kenya-40442.jpg?v=1750797603",active
"Neutrogena Hydro Boost Sunscreen Lotion SPF 50, (88ml)","Get Neutrogena Hydro Boost Sunscreen Lotion SPF 50, (88ml) at unbeatable prices with same-day delivery in Nairobi, Kenya from Supplements Kenya.",2999.00,4495.00,"Specialty Supplements","Immunity","Neutrogena","?B07T2DP3TK","https://cdn.shopify.com/s/files/1/0668/3384/2462/files/neutrogena-hydro-boost-sunscreen-lotion-with-broad-spectrum-spf-50-3-fl-oz-pack-of-1-or-moisturizing-hydrating-kenya-50421.jpg?v=1747256076",active
"NAD Supplement  95% Pure","Get NAD Supplement  95% Pure at unbeatable prices with same-day delivery in Nairobi, Kenya from Supplements Kenya.",5995.00,9999.00,"Vitamins","Vitamin B Complex","Double Wood","?B0C3MWF7F1","https://cdn.shopify.com/s/files/1/0668/3384/2462/files/nad-supplement-95percent-pure-kenya-89126.jpg?v=1747256067",active
"NeoCell Super Collagen Plus With Vitamin C and Hyaluronic Acid","Get NeoCell Super Collagen Plus With Vitamin C and Hyaluronic Acid at unbeatable prices with same-day delivery in Nairobi, Kenya from Supplements Kenya.",4500.00,5294.90,"Collagen","Collagen Peptides","Neocell","?B0127X3AEA","https://cdn.shopify.com/s/files/1/0668/3384/2462/files/714Rto1CPnL._AC_SL1500.jpg?v=1776242730",active
"Bi-EST 5.0 Estrogen Menopause Relief Cream for Women - 5 mg Per Pump","Get Bi-EST 5.0 Estrogen Menopause Relief Cream for Women - 5 mg Per Pump at unbeatable prices with same-day delivery in Nairobi, Kenya from Supplements Kenya.",9170.00,10995.00,"Weight Management","","HelloPharmacist","?B09ZBMJ14L","https://cdn.shopify.com/s/files/1/0668/3384/2462/files/bi-est-5-0-estrogen-menopause-relief-cream-for-women-5-mg-per-pump-kenya-72496.jpg?v=1747256052",active
"Multi Collagen Peptides Powder, Hydrolyzed Protein Peptides","Get Multi Collagen Peptides Powder, Hydrolyzed Protein Peptides at unbeatable prices with same-day delivery in Nairobi, Kenya from Supplements Kenya.",7895.00,7650.75,"Collagen","Collagen Peptides","Micro Ingredients","?B0BKK4X56L","https://cdn.shopify.com/s/files/1/0668/3384/2462/files/multi-collagen-peptides-powder-hydrolyzed-protein-peptides-kenya-12082.jpg?v=1747256044",active
"Keto Burn Pills Ketosis Weight Loss - 1200 Mg","Get Keto Burn Pills Ketosis Weight Loss - 1200 Mg at unbeatable prices with same-day delivery in Nairobi, Kenya from Supplements Kenya.",6395.00,7999.00,"Weight Management","","Toplux","?B07K7F5B3Z","https://cdn.shopify.com/s/files/1/0668/3384/2462/files/keto-burn-pills-ketosis-weight-loss-1200-mg-ultra-advanced-natural-ketogenic-fat-burner-kenya-72864.jpg?v=1747256035",active
"Tudca 250mg, (Tauroursodeoxycholic Acid)","Get Tudca 250mg, (Tauroursodeoxycholic Acid) at unbeatable prices with same-day delivery in Nairobi, Kenya from Supplements Kenya.",5995.00,6994.95,"Specialty Supplements","Immunity","Nutricost","?B01M3VHJ8J","https://cdn.shopify.com/s/files/1/0668/3384/2462/files/nutricost-tudca-250mg-30-capsules-tauroursodeoxycholic-acid-gluten-free-non-gmo-kenya-35734.jpg?v=1747256028",active
"Qunol Ultra CoQ10 100mg Softgels- 3x Better Absorption","Get Qunol Ultra CoQ10 100mg Softgels- 3x Better Absorption at unbeatable prices with same-day delivery in Nairobi, Kenya from Supplements Kenya.",6995.00,11990.00,"Specialty Supplements","Immunity","Qunol","?B0732XB19S","https://cdn.shopify.com/s/files/1/0668/3384/2462/files/Ultra_BottlePacks_Ultra100mg_90c_d352c7b4-84c3-4608-9d33-adc9d9b72147.webp?v=1764743088",active
"Omega 3 Gummies for Kids - Delicious Kids DHA Omega 3 6 9 Gummy","Get Omega 3 Gummies for Kids - Delicious Kids DHA Omega 3 6 9 Gummy at unbeatable prices with same-day delivery in Nairobi, Kenya from Supplements Kenya.",3295.00,3995.00,"Specialty Supplements","Immunity","Phytoral","?B08LXRHXHD","https://cdn.shopify.com/s/files/1/0668/3384/2462/files/omega-3-gummies-for-kids-delicious-kids-dha-omega-3-6-9-gummy-kenya-1.jpg?v=1739329767",active
"Nutricost HMB, Beta-Hydroxy Beta-Methylbutyrate, 240 Capsules - 500mg Per Capsule","Get Nutricost HMB, Beta-Hydroxy Beta-Methylbutyrate, 240 Capsules - 500mg Per Capsule at unbeatable prices with same-day delivery in Nairobi, Kenya from Supplements Kenya.",4895.00,4150.32,"Specialty Supplements","Immunity","Nutricost","?B07KX2GJHV","https://cdn.shopify.com/s/files/1/0668/3384/2462/files/nutricost-hmb-beta-hydroxy-beta-methylbutyrate-1000mg-240-capsules-500mg-per-capsule-kenya-1.jpg?v=1739329763",draft
"AEON with Nicotinamide DUO?","Get AEON with Nicotinamide DUO? at unbeatable prices with same-day delivery in Nairobi, Kenya from Supplements Kenya.",11505.00,13999.00,"Food Supplements","","PERPETUA.LIFE","?B09DW8BFNT","https://cdn.shopify.com/s/files/1/0668/3384/2462/files/aeon-with-nicotinamide-duotm-kenya-1.jpg?v=1764638213",active
"Type II Collagen complex","Get Type II Collagen complex at unbeatable prices with same-day delivery in Nairobi, Kenya from Supplements Kenya.",4995.00,,"Collagen","Collagen Peptides","Jarrow Formulas","","https://cdn.shopify.com/s/files/1/0668/3384/2462/files/type-ii-collagen-complex-kenya-22803.jpg?v=1747255839",active
"HORNY GOAT WEED","Get HORNY GOAT WEED at unbeatable prices with same-day delivery in Nairobi, Kenya from Supplements Kenya.",3495.00,4995.00,"Food Supplements","","Nature's Craft","X003KKCSJJ","https://cdn.shopify.com/s/files/1/0668/3384/2462/files/horny-goat-weed-kenya-94893.jpg?v=1747255830",active
"Horny goat weed (Womens Complex)","Get Horny goat weed (Womens Complex) at unbeatable prices with same-day delivery in Nairobi, Kenya from Supplements Kenya.",3495.00,4495.00,"Food Supplements","","Nature's Craft","","https://cdn.shopify.com/s/files/1/0668/3384/2462/files/horny-goat-weed-womens-complex-kenya-71833.jpg?v=1747255825",active
"DGL 400 mg Licorice Extract","Get DGL 400 mg Licorice Extract at unbeatable prices with same-day delivery in Nairobi, Kenya from Supplements Kenya.",3050.00,4653.45,"Food Supplements","","Natural Factors","?B00B95J6FA","https://cdn.shopify.com/s/files/1/0668/3384/2462/products/dgl-400-mg-licorice-extract-kenya-20266.jpg?v=1747255404",active
"Ginkgo Biloba 120mg, 240 Capsules - Extra Strength Ginkgo Biloba Extract","Get Ginkgo Biloba 120mg, 240 Capsules - Extra Strength Ginkgo Biloba Extract at unbeatable prices with same-day delivery in Nairobi, Kenya from Supplements Kenya.",2995.00,4995.00,"Women's Health","Women's Multivitamins","Nutricost","?B01BCULYEC","https://cdn.shopify.com/s/files/1/0668/3384/2462/products/ginkgo-biloba-120mg-240-capsules-extra-strength-ginkgo-biloba-extract-kenya-14132.jpg?v=1747255389",active
"Iron 65 mg Ferrous Sulfate 325 mg Tablets, 120 Count","Get Iron 65 mg Ferrous Sulfate 325 mg Tablets, 120 Count at unbeatable prices with same-day delivery in Nairobi, Kenya from Supplements Kenya.",1495.00,2994.97,"Minerals","Iron","21st Century","?B004SCG45G","https://cdn.shopify.com/s/files/1/0668/3384/2462/products/iron-65-mg-ferrous-sulfate-325-mg-tablets-120-count-kenya-92657.jpg?v=1747255374",active
"D-Aspartic Acid Supplement","Get D-Aspartic Acid Supplement at unbeatable prices with same-day delivery in Nairobi, Kenya from Supplements Kenya.",3695.00,4995.00,"Food Supplements","","Simple Organics","?B07NZ7XXLW","https://cdn.shopify.com/s/files/1/0668/3384/2462/products/d-aspartic-acid-supplement-for-energy-support-180-non-gmo-vegan-capsules-kenya-48654.jpg?v=1747255368",active
"DIM Supplement 200 mg - Kenya","Get DIM Supplement 200 mg - Kenya at unbeatable prices with same-day delivery in Nairobi, Kenya from Supplements Kenya.",5375.00,6495.00,"Food Supplements","","SMNutrition","?B006KL4TYG","https://cdn.shopify.com/s/files/1/0668/3384/2462/files/71q1boPhHVL._AC_SL1500.jpg?v=1761057022",active
"Chinese Herb Teas (Xi Xian Cao & Yi mu Cao) Pack","Get Chinese Herb Teas (Xi Xian Cao & Yi mu Cao) Pack at unbeatable prices with same-day delivery in Nairobi, Kenya from Supplements Kenya.",8995.00,9900.00,"Food Supplements","","Chinese Herb","","https://cdn.shopify.com/s/files/1/0668/3384/2462/files/chinese-herb-teas-xi-xian-cao-and-yi-mu-cao-pack-kenya-26861.png?v=1747255303",active
"Lubriderm Daily Moisture Lotion All Skin types (709ml)","Get Lubriderm Daily Moisture Lotion All Skin types (709ml) at unbeatable prices with same-day delivery in Nairobi, Kenya from Supplements Kenya.",2595.00,4995.00,"Specialty Supplements","Bones & Joints","Lubriderm","?B07957S7QK","https://cdn.shopify.com/s/files/1/0668/3384/2462/files/1033359907.jpg?v=1764318813",active
"Collagen Peptides + Hyaluronic Acid","Get Collagen Peptides + Hyaluronic Acid at unbeatable prices with same-day delivery in Nairobi, Kenya from Supplements Kenya.",4995.00,5900.00,"Collagen","Collagen Peptides","California Gold Nutrition","?B08T217DH3","https://cdn.shopify.com/s/files/1/0668/3384/2462/files/download_28.jpg?v=1761814517",active
"Psyllium Husk - Kenya, Organic","Get Psyllium Husk - Kenya, Organic at unbeatable prices with same-day delivery in Nairobi, Kenya from Supplements Kenya.",3895.00,4994.91,"Weight Management","","Viva Naturals","?B011QGTRG4","https://cdn.shopify.com/s/files/1/0668/3384/2462/products/organic-psyllium-husk-powder-kenya-31939.jpg?v=1747255252",active
"D Mannose Capsules for Urinary Tract Health - High Potency  60 Capsules","Get D Mannose Capsules for Urinary Tract Health - High Potency  60 Capsules at unbeatable prices with same-day delivery in Nairobi, Kenya from Supplements Kenya.",3995.00,6000.00,"Food Supplements","","Nature's Craft","?B0C598WVVT","https://cdn.shopify.com/s/files/1/0668/3384/2462/files/d-mannose-capsules-for-urinary-tract-health-high-potency-60-capsules-kenya-41582.jpg?v=1747255240",active
"Myo-Inositol & D-Chiro Inositol Blend Capsule","Get Myo-Inositol & D-Chiro Inositol Blend Capsule at unbeatable prices with same-day delivery in Nairobi, Kenya from Supplements Kenya.",5295.00,8885.80,"Women's Health","Hormonal Balance","Wholesome Story","?B07HX2DMY8","https://cdn.shopify.com/s/files/1/0668/3384/2462/products/myo-inositol-and-d-chiro-inositol-blend-capsule-kenya-80011.jpg?v=1747255237",active
"DHEA 100mg Life Extension","Get DHEA 100mg Life Extension at unbeatable prices with same-day delivery in Nairobi, Kenya from Supplements Kenya.",4095.00,5995.00,"Food Supplements","","Life Extension","","https://cdn.shopify.com/s/files/1/0668/3384/2462/files/dhea-100mg-life-extension-kenya-32800.jpg?v=1747253075",active
"DHEA 50mg Life Extension","Get DHEA 50mg Life Extension at unbeatable prices with same-day delivery in Nairobi, Kenya from Supplements Kenya.",3495.00,5500.00,"Food Supplements","","Life Extension","","https://cdn.shopify.com/s/files/1/0668/3384/2462/files/dhea-50mg-life-extension-kenya-62358.jpg?v=1747253073",active
"L-Lysine Life Extension 620 mg 100 Capsules","Get L-Lysine Life Extension 620 mg 100 Capsules at unbeatable prices with same-day delivery in Nairobi, Kenya from Supplements Kenya.",2495.00,2993.00,"Food Supplements","","Life Extension","","https://cdn.shopify.com/s/files/1/0668/3384/2462/files/l-lysine-life-extension-620-mg-100-capsules-kenya-52878.jpg?v=1747253018",active
"Reduced Glutathione 60 Capsules - Nature's Craft","Get Reduced Glutathione 60 Capsules - Nature's Craft at unbeatable prices with same-day delivery in Nairobi, Kenya from Supplements Kenya.",8995.00,12500.00,"Food Supplements","","Nature's Craft","","https://cdn.shopify.com/s/files/1/0668/3384/2462/files/reduced-glutathione-60-capsules-nature-s-craft-kenya-92095.webp?v=1747253015",active
"Jarrow Inositol 750 mg","Get Jarrow Inositol 750 mg at unbeatable prices with same-day delivery in Nairobi, Kenya from Supplements Kenya.",3995.00,6495.00,"Food Supplements","","Jarrow Formulas","","https://cdn.shopify.com/s/files/1/0668/3384/2462/files/jarrow-inositol-750-mg-kenya-59719.jpg?v=1747252859",active
"Garcinia HCA ? Garcinia Ambogia Extract","Get Garcinia HCA ? Garcinia Ambogia Extract at unbeatable prices with same-day delivery in Nairobi, Kenya from Supplements Kenya.",2845.00,3800.00,"Food Supplements","","Life Extension","","https://cdn.shopify.com/s/files/1/0668/3384/2462/files/garcinia-hca-garcinia-ambogia-extract-kenya-28985.png?v=1747252850",active
"MSM Powder - Kenya","Get MSM Powder - Kenya at unbeatable prices with same-day delivery in Nairobi, Kenya from Supplements Kenya.",3245.00,3995.00,"Food Supplements","","Doctor's Best","","https://cdn.shopify.com/s/files/1/0668/3384/2462/files/61yh4RdJzdL._AC_SL1500.jpg?v=1760097531",active
"Jarrow L-Carnitine 500 mg 50 Capsules","Get Jarrow L-Carnitine 500 mg 50 Capsules at unbeatable prices with same-day delivery in Nairobi, Kenya from Supplements Kenya.",5795.00,6500.00,"Food Supplements","","Jarrow Formulas","jarrow-790011140207","https://cdn.shopify.com/s/files/1/0668/3384/2462/files/jarrow-l-carnitine-500-mg-50-capsules-kenya-75593.jpg?v=1747252784",active
"Shilajit - Kenya: Jarrow Shilajit Fulvic Acid","Get Shilajit - Kenya: Jarrow Shilajit Fulvic Acid at unbeatable prices with same-day delivery in Nairobi, Kenya from Supplements Kenya.",4195.00,8997.00,"Food Supplements","","Jarrow Formulas","jarrow-790011037095","https://cdn.shopify.com/s/files/1/0668/3384/2462/files/jarrow-shilajit-fulvic-acid-complex-kenya-82944.jpg?v=1747252779",active
"Jarrow Bromelain","Get Jarrow Bromelain at unbeatable prices with same-day delivery in Nairobi, Kenya from Supplements Kenya.",4295.00,5600.00,"Food Supplements","","Jarrow Formulas","jarrow-790011120315","https://cdn.shopify.com/s/files/1/0668/3384/2462/files/jarrow-bromelain-kenya-90563.jpg?v=1747252769",active
"Jarrow Resveratrol 60 Veg Capsules","Get Jarrow Resveratrol 60 Veg Capsules at unbeatable prices with same-day delivery in Nairobi, Kenya from Supplements Kenya.",3995.00,5500.00,"Food Supplements","","Jarrow Formulas","jarrow-790011290032","https://cdn.shopify.com/s/files/1/0668/3384/2462/files/jarrow-resveratrol-60-veg-capsules-kenya-98272.jpg?v=1747252745",active
"Jarrow Bilberry + Grapeskin Polyphenols","Get Jarrow Bilberry + Grapeskin Polyphenols at unbeatable prices with same-day delivery in Nairobi, Kenya from Supplements Kenya.",6495.00,,"Food Supplements","","Jarrow Formulas","jarrow-790011030713","https://cdn.shopify.com/s/files/1/0668/3384/2462/files/jarrow-bilberry-grapeskin-polyphenols-kenya-27492.webp?v=1747252712",active
"Jarrow L-Carnosine","Get Jarrow L-Carnosine at unbeatable prices with same-day delivery in Nairobi, Kenya from Supplements Kenya.",12985.00,14000.00,"Food Supplements","","Jarrow Formulas","jarrow-790011150350","https://cdn.shopify.com/s/files/1/0668/3384/2462/files/jarrow-l-carnosine-kenya-92189.jpg?v=1747252705",draft
"Jarrow Jarro-Dophilus? Digest Sure","Get Jarrow Jarro-Dophilus? Digest Sure at unbeatable prices with same-day delivery in Nairobi, Kenya from Supplements Kenya.",5195.00,5500.00,"Food Supplements","","Jarrow Formulas","jarrow-790011030041","https://cdn.shopify.com/s/files/1/0668/3384/2462/files/jarrow-jarro-dophilus-r-digest-sure-kenya-95875.jpg?v=1747252697",draft
"Jarrow Immune Optimizer","Get Jarrow Immune Optimizer at unbeatable prices with same-day delivery in Nairobi, Kenya from Supplements Kenya.",5464.00,6900.00,"Food Supplements","","Jarrow Formulas","jarrow-790011030454","https://cdn.shopify.com/s/files/1/0668/3384/2462/files/jarrow-immune-optimizer-kenya-32594.jpg?v=1747252690",active
"Jarrow Mastic Gum","Get Jarrow Mastic Gum at unbeatable prices with same-day delivery in Nairobi, Kenya from Supplements Kenya.",6495.00,8295.00,"Food Supplements","","Jarrow Formulas","jarrow-790011030751","https://cdn.shopify.com/s/files/1/0668/3384/2462/files/jarrow-mastic-gum-kenya-63468.jpg?v=1747252671",active
"Jarrow's Evening Primrose Oil 1300MG","Get Jarrow's Evening Primrose Oil 1300MG at unbeatable prices with same-day delivery in Nairobi, Kenya from Supplements Kenya.",3495.00,4995.00,"Food Supplements","","Jarrow Formulas","jarrow-790011300120","https://cdn.shopify.com/s/files/1/0668/3384/2462/files/jarrow-s-evening-primrose-oil-1300mg-kenya-75498.jpg?v=1747252656",active
"Alpha Lipoic Sustain?","Get Alpha Lipoic Sustain? at unbeatable prices with same-day delivery in Nairobi, Kenya from Supplements Kenya.",4099.00,5999.00,"Food Supplements","","Jarrow Formulas","jarrow-790011200420","https://cdn.shopify.com/s/files/1/0668/3384/2462/files/alpha-lipoic-sustain-r-kenya-1.jpg?v=1764638213",active
"Jarrow Arginine-Citrulline Sustain?","Get Jarrow Arginine-Citrulline Sustain? at unbeatable prices with same-day delivery in Nairobi, Kenya from Supplements Kenya.",5595.00,6995.00,"Food Supplements","","Jarrow Formulas","jarrow-790011180166","https://cdn.shopify.com/s/files/1/0668/3384/2462/files/jarrow-arginine-citrulline-sustaintm-kenya-20239.jpg?v=1747252649",active
"Jarrow D-Ribose Powder 200g 7.05 oz","Get Jarrow D-Ribose Powder 200g 7.05 oz at unbeatable prices with same-day delivery in Nairobi, Kenya from Supplements Kenya.",7265.00,7700.00,"Food Supplements","","Jarrow Formulas","jarrow-790011290728","https://cdn.shopify.com/s/files/1/0668/3384/2462/files/jarrow-d-ribose-powder-200g-7-05-oz-kenya-17812.jpg?v=1747252644",active
"Jarrow IP6 Inositol Hexaphosphate - 500 mg","Get Jarrow IP6 Inositol Hexaphosphate - 500 mg at unbeatable prices with same-day delivery in Nairobi, Kenya from Supplements Kenya.",5270.00,7000.00,"Food Supplements","","Jarrow Formulas","jarrow-790011290520","https://cdn.shopify.com/s/files/1/0668/3384/2462/files/jarrow-ip6-inositol-hexaphosphate-500-mg-kenya-58900.webp?v=1747252638",active
"Jarrow Pantothenic Acid B5","Get Jarrow Pantothenic Acid B5 at unbeatable prices with same-day delivery in Nairobi, Kenya from Supplements Kenya.",3995.00,4990.00,"Vitamins","Vitamin B Complex","Jarrow Formulas","jarrow-790011040019","https://cdn.shopify.com/s/files/1/0668/3384/2462/files/jarrow-pantothenic-acid-b5-kenya-39317.jpg?v=1747252628",active
"Jarrow's L-Lysine","Get Jarrow's L-Lysine at unbeatable prices with same-day delivery in Nairobi, Kenya from Supplements Kenya.",2795.00,4995.00,"Food Supplements","","Jarrow Formulas","jarrow-790011202127","https://cdn.shopify.com/s/files/1/0668/3384/2462/files/jarrow-s-l-lysine-kenya-85676.jpg?v=1747252615",active
"Jarrow Artichoke","Get Jarrow Artichoke at unbeatable prices with same-day delivery in Nairobi, Kenya from Supplements Kenya.",5070.00,6000.00,"Food Supplements","","Jarrow Formulas","jarrow-790011200123","https://cdn.shopify.com/s/files/1/0668/3384/2462/files/jarrow-artichoke-kenya-51143.webp?v=1747252599",draft
"Jarrow BoneUp? Three Per Day","Get Jarrow BoneUp? Three Per Day at unbeatable prices with same-day delivery in Nairobi, Kenya from Supplements Kenya.",6245.00,6995.00,"Food Supplements","","Jarrow Formulas","jarrow-790011180159","https://cdn.shopify.com/s/files/1/0668/3384/2462/files/jarrow-boneup-r-three-per-day-kenya-48696.jpg?v=1747252595",active
"Jarrow Alpha GPC","Get Jarrow Alpha GPC at unbeatable prices with same-day delivery in Nairobi, Kenya from Supplements Kenya.",5699.00,11999.00,"Food Supplements","","Jarrow Formulas","jarrow-790011290322","https://cdn.shopify.com/s/files/1/0668/3384/2462/files/jarrow-alpha-gpc-kenya-91386.jpg?v=1747252579",active
"Jarrow Pantethine","Get Jarrow Pantethine at unbeatable prices with same-day delivery in Nairobi, Kenya from Supplements Kenya.",7600.00,7999.00,"Vitamins","Vitamin B Complex","Jarrow Formulas","jarrow-790011560029","https://cdn.shopify.com/s/files/1/0668/3384/2462/files/jarrow-pantethine-kenya-30986.jpg?v=1747252573",active
"Jarrow PS 100 - 100mg","Get Jarrow PS 100 - 100mg at unbeatable prices with same-day delivery in Nairobi, Kenya from Supplements Kenya.",5595.00,6600.00,"Food Supplements","","Jarrow Formulas","jarrow-790011150664","https://cdn.shopify.com/s/files/1/0668/3384/2462/files/jarrow-ps-100-100mg-kenya-80662.jpg?v=1747252561",active
"Jarrow Taurine","Get Jarrow Taurine at unbeatable prices with same-day delivery in Nairobi, Kenya from Supplements Kenya.",3035.00,,"Food Supplements","","Jarrow Formulas","jarrow-790011160601","https://cdn.shopify.com/s/files/1/0668/3384/2462/files/jarrow-taurine-kenya-35932.jpg?v=1747252551",active
"Jarrow L-Glutamine","Get Jarrow L-Glutamine at unbeatable prices with same-day delivery in Nairobi, Kenya from Supplements Kenya.",4495.00,4995.00,"Food Supplements","","Jarrow Formulas","jarrow-790011170075","https://cdn.shopify.com/s/files/1/0668/3384/2462/files/jarrow-l-glutamine-kenya-81492.jpg?v=1747252545",active
"Jarrow Acetyl L-Carnitine","Get Jarrow Acetyl L-Carnitine at unbeatable prices with same-day delivery in Nairobi, Kenya from Supplements Kenya.",3495.00,4995.00,"Food Supplements","","Jarrow Formulas","jarrow-790011290773","https://cdn.shopify.com/s/files/1/0668/3384/2462/files/jarrow-acetyl-l-carnitine-kenya-64153.jpg?v=1747252532",active
"Jarrow Citrus Bergamot","Get Jarrow Citrus Bergamot at unbeatable prices with same-day delivery in Nairobi, Kenya from Supplements Kenya.",6995.00,8000.00,"Food Supplements","","Jarrow Formulas","jarrow-790011030263","https://cdn.shopify.com/s/files/1/0668/3384/2462/files/jarrow-citrus-bergamot-kenya-11693.jpg?v=1747252521",active
"Jarrow Methyl B-12 & Methyl Folate Lemon","Get Jarrow Methyl B-12 & Methyl Folate Lemon at unbeatable prices with same-day delivery in Nairobi, Kenya from Supplements Kenya.",3995.00,5500.00,"Vitamins","Vitamin B Complex","Jarrow Formulas","jarrow-790011060192","https://cdn.shopify.com/s/files/1/0668/3384/2462/files/jarrow-methyl-b-12-and-methyl-folate-lemon-kenya-94398.jpg?v=1747252517",active
"Jarrow Lactoferrin","Get Jarrow Lactoferrin at unbeatable prices with same-day delivery in Nairobi, Kenya from Supplements Kenya.",7098.00,10000.00,"Minerals","Iron","Jarrow Formulas","jarrow-790011180180","https://cdn.shopify.com/s/files/1/0668/3384/2462/files/jarrow-lactoferrin-kenya-77982.jpg?v=1747252512",active
"Milk Thistle Silymarin - Kenya (Jarrow Formulas)","Get Milk Thistle Silymarin - Kenya (Jarrow Formulas) at unbeatable prices with same-day delivery in Nairobi, Kenya from Supplements Kenya.",3099.00,4500.00,"Food Supplements","","Jarrow Formulas","jarrow-790011210115","https://cdn.shopify.com/s/files/1/0668/3384/2462/files/jarrow-milk-thistle-silymarin-kenya-28289.jpg?v=1747252507",active
"Jarrow DIM + CDG","Get Jarrow DIM + CDG at unbeatable prices with same-day delivery in Nairobi, Kenya from Supplements Kenya.",5495.00,6495.00,"Food Supplements","","Jarrow Formulas","jarrow-790011180142","https://cdn.shopify.com/s/files/1/0668/3384/2462/files/jarrow-dim-cdg-kenya-80892.jpg?v=1747252497",active
"Jarrow Theanine 100","Get Jarrow Theanine 100 at unbeatable prices with same-day delivery in Nairobi, Kenya from Supplements Kenya.",4195.00,,"Food Supplements","","Jarrow Formulas","jarrow-790011030324","https://cdn.shopify.com/s/files/1/0668/3384/2462/files/jarrow-theanine-100-kenya-36920.jpg?v=1747252479",active
"Jarrow MK-7","Get Jarrow MK-7 at unbeatable prices with same-day delivery in Nairobi, Kenya from Supplements Kenya.",4195.00,7416.75,"Vitamins","Vitamin K","Jarrow Formulas","jarrow-790011300076","https://cdn.shopify.com/s/files/1/0668/3384/2462/files/71-p1VI5i6L._AC_SL1500.jpg?v=1765880162",active
"Jarrow Five (5)-HTP","Get Jarrow Five (5)-HTP at unbeatable prices with same-day delivery in Nairobi, Kenya from Supplements Kenya.",4995.00,7995.00,"Food Supplements","","Jarrow Formulas","jarrow-790011150442","https://cdn.shopify.com/s/files/1/0668/3384/2462/files/jarrow-five-5-htp-kenya-23409.jpg?v=1747252467",active
"Jarrow Theanine 200","Get Jarrow Theanine 200 at unbeatable prices with same-day delivery in Nairobi, Kenya from Supplements Kenya.",4995.00,7999.00,"Food Supplements","","Jarrow Formulas","jarrow-790011150572","https://cdn.shopify.com/s/files/1/0668/3384/2462/files/jarrow-theanine-200-kenya-46224.jpg?v=1747252463",active
"Glucosamine + Chondroitin + MSM - Kenya","Get Glucosamine + Chondroitin + MSM - Kenya at unbeatable prices with same-day delivery in Nairobi, Kenya from Supplements Kenya.",5295.00,5695.00,"Specialty Supplements","Bones & Joints","Jarrow Formulas","jarrow-790011190226","https://cdn.shopify.com/s/files/1/0668/3384/2462/files/jarrow-glucosamine-chondroitin-msm-kenya-96488.jpg?v=1747252458",active
"Jarrow L-Tyrosine","Get Jarrow L-Tyrosine at unbeatable prices with same-day delivery in Nairobi, Kenya from Supplements Kenya.",3595.00,4500.00,"Food Supplements","","Jarrow Formulas","jarrow-790011150015","https://cdn.shopify.com/s/files/1/0668/3384/2462/files/jarrow-l-tyrosine-kenya-53952.jpg?v=1747252453",active
"Jarrow Alpha Lipoic Sustain?","Get Jarrow Alpha Lipoic Sustain? at unbeatable prices with same-day delivery in Nairobi, Kenya from Supplements Kenya.",6655.00,7990.00,"Food Supplements","","Jarrow Formulas","jarrow-790011200369","https://cdn.shopify.com/s/files/1/0668/3384/2462/files/jarrow-alpha-lipoic-sustain-r-kenya-54485.jpg?v=1747252445",active
"Jarrow Formulas Astaxanthin","Get Jarrow Formulas Astaxanthin at unbeatable prices with same-day delivery in Nairobi, Kenya from Supplements Kenya.",5195.00,5995.00,"Food Supplements","","Jarrow Formulas","jarrow-790011200413","https://cdn.shopify.com/s/files/1/0668/3384/2462/files/jarrow-formulas-astaxanthin-kenya-29595.jpg?v=1747252440",active
"Jarrow Co-Q10 100 mg","Get Jarrow Co-Q10 100 mg at unbeatable prices with same-day delivery in Nairobi, Kenya from Supplements Kenya.",4399.00,5500.00,"Food Supplements","","Jarrow Formulas","jarrow-790011060031","https://cdn.shopify.com/s/files/1/0668/3384/2462/files/71P5zei3SiL._AC_SL1500.jpg?v=1777021078",active
"Jarrow Prebiotic Inulin-FOS","Get Jarrow Prebiotic Inulin-FOS at unbeatable prices with same-day delivery in Nairobi, Kenya from Supplements Kenya.",3195.00,3995.00,"Food Supplements","","Jarrow Formulas","jarrow-790011030256","https://cdn.shopify.com/s/files/1/0668/3384/2462/files/jarrow-prebiotic-inulin-fos-kenya-77235.jpg?v=1747252431",draft
"Ashwagandha Supplement Kenya (Jarrow Formulas)","Get Ashwagandha Supplement Kenya (Jarrow Formulas) at unbeatable prices with same-day delivery in Nairobi, Kenya from Supplements Kenya.",3595.00,5495.00,"Food Supplements","","Jarrow Formulas","jarrow-790011220145","https://cdn.shopify.com/s/files/1/0668/3384/2462/files/ashwagandha-supplement-kenya-jarrow-formulas-kenya-1.webp?v=1764638322",active
"Jarrow Formulas Vitamin D3","Get Jarrow Formulas Vitamin D3 at unbeatable prices with same-day delivery in Nairobi, Kenya from Supplements Kenya.",2995.00,3995.00,"Vitamins","Vitamin D","Jarrow Formulas","jarrow-790011290421","https://cdn.shopify.com/s/files/1/0668/3384/2462/files/jarrow-s-vitamin-d3-kenya-52737.jpg?v=1747252420",active
"Jarrow Jarro-Dophilus EPS","Get Jarrow Jarro-Dophilus EPS at unbeatable prices with same-day delivery in Nairobi, Kenya from Supplements Kenya.",11700.00,9300.00,"Food Supplements","","Jarrow Formulas","jarrow-790011030249","https://cdn.shopify.com/s/files/1/0668/3384/2462/files/jarrow-jarro-dophilus-eps-kenya-33051.jpg?v=1747252407",active
"Jarrow Hyaluronic Acid capsules","Get Jarrow Hyaluronic Acid capsules at unbeatable prices with same-day delivery in Nairobi, Kenya from Supplements Kenya.",6900.00,8900.00,"Food Supplements","","Jarrow Formulas","jarrow-790011290766","https://cdn.shopify.com/s/files/1/0668/3384/2462/files/71sT_SLbN7L._AC_SX679_9060123a-1a02-430a-bb66-0d3fb206093d.jpg?v=1768218071",active
"Jarrow N-Acetyl Tyrosine","Get Jarrow N-Acetyl Tyrosine at unbeatable prices with same-day delivery in Nairobi, Kenya from Supplements Kenya.",4995.00,6000.00,"Food Supplements","","Jarrow Formulas","jarrow-790011150510","https://cdn.shopify.com/s/files/1/0668/3384/2462/files/jarrow-n-acetyl-tyrosine-kenya-85358.jpg?v=1747252384",active
"Jarrow's Arginine 1000mg","Get Jarrow's Arginine 1000mg at unbeatable prices with same-day delivery in Nairobi, Kenya from Supplements Kenya.",6095.00,8999.00,"Food Supplements","","Jarrow Formulas","jarrow-790011150367","https://cdn.shopify.com/s/files/1/0668/3384/2462/files/jarrow-s-arginine-1000mg-kenya-87698.jpg?v=1747252376",active
"GABA Soothe?","Get GABA Soothe? at unbeatable prices with same-day delivery in Nairobi, Kenya from Supplements Kenya.",4795.00,5995.00,"Food Supplements","","Jarrow Formulas","jarrow-790011290445","https://cdn.shopify.com/s/files/1/0668/3384/2462/files/gaba-soothe-r-kenya-69566.jpg?v=1747252371",active
"Jarrow Methyl Folate","Get Jarrow Methyl Folate at unbeatable prices with same-day delivery in Nairobi, Kenya from Supplements Kenya.",2295.00,2495.00,"Women's Health","Prenatal Vitamins","Jarrow Formulas","jarrow-790011300069","https://cdn.shopify.com/s/files/1/0668/3384/2462/files/jarrow-methyl-folate-kenya-49782.jpg?v=1747252363",active
"Jarrow Beta Glucan","Get Jarrow Beta Glucan at unbeatable prices with same-day delivery in Nairobi, Kenya from Supplements Kenya.",7995.00,10000.00,"Food Supplements","","Jarrow Formulas","jarrow-790011030232","https://cdn.shopify.com/s/files/1/0668/3384/2462/files/jarrow-beta-glucan-kenya-54636.jpg?v=1747252358",active
"Jarrow Methyl B-12 Lemon","Get Jarrow Methyl B-12 Lemon at unbeatable prices with same-day delivery in Nairobi, Kenya from Supplements Kenya.",2795.00,4900.00,"Vitamins","Vitamin B Complex","Jarrow Formulas","jarrow-790011180012","https://cdn.shopify.com/s/files/1/0668/3384/2462/files/jarrow-methyl-b-12-lemon-kenya-85669.jpg?v=1747252355",active
"Jarrow Saccharomyces Boulardii + MOS","Get Jarrow Saccharomyces Boulardii + MOS at unbeatable prices with same-day delivery in Nairobi, Kenya from Supplements Kenya.",4499.00,,"Food Supplements","","Jarrow Formulas","jarrow-790011030041","https://cdn.shopify.com/s/files/1/0668/3384/2462/files/jarrow-saccharomyces-boulardii-mos-kenya-50451.jpg?v=1747252348",active
"Jarrow S-Acetyl L-Glutathione","Get Jarrow S-Acetyl L-Glutathione at unbeatable prices with same-day delivery in Nairobi, Kenya from Supplements Kenya.",8495.00,12995.00,"Food Supplements","","Jarrow Formulas","jarrow-790011150695","https://cdn.shopify.com/s/files/1/0668/3384/2462/files/jarrow-s-acetyl-l-glutathione-kenya-87012.jpg?v=1747252339",active
"Jarrow Zinc Balance?","Get Jarrow Zinc Balance? at unbeatable prices with same-day delivery in Nairobi, Kenya from Supplements Kenya.",2795.00,3495.00,"Minerals","Zinc","Jarrow Formulas","jarrow-790011130086","https://cdn.shopify.com/s/files/1/0668/3384/2462/files/jarrow-zinc-balance-r-kenya-14075.jpg?v=1747252333",active
"Jarrow Krill Oil 60 Softgels","Get Jarrow Krill Oil 60 Softgels at unbeatable prices with same-day delivery in Nairobi, Kenya from Supplements Kenya.",4999.00,10881.75,"Food Supplements","","Jarrow Formulas","jarrow-790011160588","https://cdn.shopify.com/s/files/1/0668/3384/2462/files/jarrow-krill-oil-60-softgels-kenya-54165.jpg?v=1747252328",active
"Jarrow Biotin Supplement","Get Jarrow Biotin Supplement at unbeatable prices with same-day delivery in Nairobi, Kenya from Supplements Kenya.",3995.00,5200.50,"Food Supplements","","Jarrow Formulas","jarrow-790011180050","https://cdn.shopify.com/s/files/1/0668/3384/2462/files/jarrow-biotin-supplement-kenya-40635.jpg?v=1747252323",active
"Jarrow Red Yeast Rice","Get Jarrow Red Yeast Rice at unbeatable prices with same-day delivery in Nairobi, Kenya from Supplements Kenya.",4599.00,7999.00,"Food Supplements","","Jarrow Formulas","jarrow-790011330011","https://cdn.shopify.com/s/files/1/0668/3384/2462/files/jarrow-red-yeast-rice-kenya-80503.jpg?v=1747252317",active
"Jarrow Reduced Glutathione 500MG","Get Jarrow Reduced Glutathione 500MG at unbeatable prices with same-day delivery in Nairobi, Kenya from Supplements Kenya.",6999.00,9995.00,"Food Supplements","","Jarrow Formulas","","https://cdn.shopify.com/s/files/1/0668/3384/2462/files/jarrow-reduced-glutathione-500mg-kenya-66051.jpg?v=1747252302",active
"Vital Proteins Collagen Peptides 680g","Get Vital Proteins Collagen Peptides 680g at unbeatable prices with same-day delivery in Nairobi, Kenya from Supplements Kenya.",8995.00,12995.00,"Collagen","Collagen Peptides","Vital Proteins","408659931A","https://cdn.shopify.com/s/files/1/0668/3384/2462/files/vital-proteins-collagen-peptides-680g-kenya-36861.png?v=1747252091",active
"E-Fong Xi Xian Cao","Get E-Fong Xi Xian Cao at unbeatable prices with same-day delivery in Nairobi, Kenya from Supplements Kenya.",4550.00,5295.00,"Food Supplements","","E-Fong","","https://cdn.shopify.com/s/files/1/0668/3384/2462/files/e-fong-xi-xian-cao-kenya-58653.jpg?v=1747251877",active
"E-Fong Yi Mu Cao","Get E-Fong Yi Mu Cao at unbeatable prices with same-day delivery in Nairobi, Kenya from Supplements Kenya.",4550.00,5295.00,"Food Supplements","","E-Fong","","https://cdn.shopify.com/s/files/1/0668/3384/2462/files/e-fong-yi-mu-cao-kenya-86067.jpg?v=1747251876",active
"Berberine Supplement - Kenya (1200mg)","Get Berberine Supplement - Kenya (1200mg) at unbeatable prices with same-day delivery in Nairobi, Kenya from Supplements Kenya.",5995.00,6995.00,"Specialty Supplements","Herbal Supplements","Sunergetic","?B01AMPTXLE","https://cdn.shopify.com/s/files/1/0668/3384/2462/files/berberine-supplement-1200-mg-kenya-35046.webp?v=1751671492",active
"HepatoPro","Get HepatoPro at unbeatable prices with same-day delivery in Nairobi, Kenya from Supplements Kenya.",7399.00,11700.00,"Food Supplements","","Life Extension","liex-01393","https://cdn.shopify.com/s/files/1/0668/3384/2462/files/hepatopro-kenya-32571.png?v=1747251855",active
"Bone Restore Chewable Tablets (Chocolate)","Get Bone Restore Chewable Tablets (Chocolate) at unbeatable prices with same-day delivery in Nairobi, Kenya from Supplements Kenya.",3450.00,,"Food Supplements","","Life Extension","liex-02123","https://cdn.shopify.com/s/files/1/0668/3384/2462/products/bone-restore-chewable-tablets-chocolate-kenya-12860.png?v=1747251845",active
"Dr. Strum?s Intensive Bone Formula","Get Dr. Strum?s Intensive Bone Formula at unbeatable prices with same-day delivery in Nairobi, Kenya from Supplements Kenya.",8805.00,,"Food Supplements","","Life Extension","liex-01506","https://cdn.shopify.com/s/files/1/0668/3384/2462/products/dr-strum-s-intensive-bone-formula-kenya-10565.png?v=1747251843",active
"Optimized Garlic","Get Optimized Garlic at unbeatable prices with same-day delivery in Nairobi, Kenya from Supplements Kenya.",3999.00,5995.00,"Food Supplements","","Life Extension","liex-01394","https://cdn.shopify.com/s/files/1/0668/3384/2462/files/optimized-garlic-kenya-55156.png?v=1747251841",active
"Life Extension's Chlorophyllin","Get Life Extension's Chlorophyllin at unbeatable prices with same-day delivery in Nairobi, Kenya from Supplements Kenya.",5495.00,6999.00,"Food Supplements","","Life Extension","liex-01571","https://cdn.shopify.com/s/files/1/0668/3384/2462/files/life-extension-s-chlorophyllin-kenya-80668.png?v=1747251839",active
"Krill Healthy Joint Formula","Get Krill Healthy Joint Formula at unbeatable prices with same-day delivery in Nairobi, Kenya from Supplements Kenya.",6472.00,7000.00,"Food Supplements","","Life Extension","liex-01600","https://cdn.shopify.com/s/files/1/0668/3384/2462/files/krill-healthy-joint-formula-kenya-13661.png?v=1747251837",active
"Advanced Lipid Control","Get Advanced Lipid Control at unbeatable prices with same-day delivery in Nairobi, Kenya from Supplements Kenya.",3295.00,4995.00,"Food Supplements","","Life Extension","liex-01828","https://cdn.shopify.com/s/files/1/0668/3384/2462/files/advanced-lipid-control-kenya-1.png?v=1764638213",active
"Optimized Saffron","Get Optimized Saffron at unbeatable prices with same-day delivery in Nairobi, Kenya from Supplements Kenya.",10995.00,11990.00,"Food Supplements","","Life Extension","liex-01432","https://cdn.shopify.com/s/files/1/0668/3384/2462/files/optimized-saffron-kenya-89062.png?v=1747251821",active
"Potassium with Extend-Release Magnesium","Get Potassium with Extend-Release Magnesium at unbeatable prices with same-day delivery in Nairobi, Kenya from Supplements Kenya.",2595.00,3500.00,"Food Supplements","","Life Extension","liex-02309","https://cdn.shopify.com/s/files/1/0668/3384/2462/files/potassium-with-extend-release-magnesium-kenya-95574.png?v=1747251819",active
"Bifido GI Balance","Get Bifido GI Balance at unbeatable prices with same-day delivery in Nairobi, Kenya from Supplements Kenya.",4255.00,4995.00,"Food Supplements","","Life Extension","liex-01622","https://cdn.shopify.com/s/files/1/0668/3384/2462/files/bifido-gi-balance-kenya-76833.png?v=1747251817",active
"Pomegranate Complete","Get Pomegranate Complete at unbeatable prices with same-day delivery in Nairobi, Kenya from Supplements Kenya.",3765.00,,"Food Supplements","","Life Extension","liex-01953","https://cdn.shopify.com/s/files/1/0668/3384/2462/files/pomegranate-complete-kenya-10044.png?v=1747251815",active
"Milk Thistle - Kenya (Advanced) - Life Extension","Get Milk Thistle - Kenya (Advanced) - Life Extension at unbeatable prices with same-day delivery in Nairobi, Kenya from Supplements Kenya.",4485.00,6995.00,"Food Supplements","","Life Extension","liex-01925","https://cdn.shopify.com/s/files/1/0668/3384/2462/files/Milk_Thistle_-_Kenya_-_Life_Extension.png?v=1751389287",active
"Rhodiola Extract","Get Rhodiola Extract at unbeatable prices with same-day delivery in Nairobi, Kenya from Supplements Kenya.",2895.00,3995.00,"Food Supplements","","Life Extension","liex-00889","https://cdn.shopify.com/s/files/1/0668/3384/2462/files/rhodiola-extract-kenya-31271.jpg?v=1747251805",active
"Estrogen For Women (Life Extension)","Get Estrogen For Women (Life Extension) at unbeatable prices with same-day delivery in Nairobi, Kenya from Supplements Kenya.",4995.00,6995.00,"Food Supplements","","Life Extension","liex-01894","https://cdn.shopify.com/s/files/1/0668/3384/2462/files/estrogen-for-women-life-extension-kenya-69969.png?v=1747251797",active
"Optimized Carnitine","Get Optimized Carnitine at unbeatable prices with same-day delivery in Nairobi, Kenya from Supplements Kenya.",6600.00,7900.00,"Food Supplements","","Life Extension","liex-02018","https://cdn.shopify.com/s/files/1/0668/3384/2462/files/optimized-carnitine-kenya-80337.png?v=1747251793",active
"Triple Action Blood Pressure","Get Triple Action Blood Pressure at unbeatable prices with same-day delivery in Nairobi, Kenya from Supplements Kenya.",7425.00,8415.00,"Food Supplements","","Life Extension","liex-02024","https://cdn.shopify.com/s/files/1/0668/3384/2462/files/triple-action-blood-pressure-kenya-30738.png?v=1747251791",draft
"Water-Soluble Pumpkin Seed Extract","Get Water-Soluble Pumpkin Seed Extract at unbeatable prices with same-day delivery in Nairobi, Kenya from Supplements Kenya.",2795.00,4500.00,"Food Supplements","","Life Extension","liex-01209","https://cdn.shopify.com/s/files/1/0668/3384/2462/files/water-soluble-pumpkin-seed-extract-kenya-34311.png?v=1747251789",active
"N-Acetyl-L-Cysteine (NAC)","Get N-Acetyl-L-Cysteine (NAC) at unbeatable prices with same-day delivery in Nairobi, Kenya from Supplements Kenya.",2995.00,3995.00,"Food Supplements","","Life Extension","liex-01534","https://cdn.shopify.com/s/files/1/0668/3384/2462/files/n-acetyl-l-cysteine-nac-kenya-26609.png?v=1747251781",active
"Anti-Alcohol Complex","Get Anti-Alcohol Complex at unbeatable prices with same-day delivery in Nairobi, Kenya from Supplements Kenya.",3495.00,4995.00,"Food Supplements","","Life Extension","liex-02240","https://cdn.shopify.com/s/files/1/0668/3384/2462/files/anti-alcohol-complex-kenya-1.png?v=1764638322",active
"Enhanced Super Digestive Enzymes and Probiotics","Get Enhanced Super Digestive Enzymes and Probiotics at unbeatable prices with same-day delivery in Nairobi, Kenya from Supplements Kenya.",4995.00,6900.00,"Food Supplements","","Life Extension","liex-02022","https://cdn.shopify.com/s/files/1/0668/3384/2462/files/enhanced-super-digestive-enzymes-and-probiotics-kenya-83313.png?v=1747251775",active
"Bone Restore with Vitamin K2","Get Bone Restore with Vitamin K2 at unbeatable prices with same-day delivery in Nairobi, Kenya from Supplements Kenya.",4525.00,5895.00,"Food Supplements","","Life Extension","liex-01727","https://cdn.shopify.com/s/files/1/0668/3384/2462/files/bone-restore-with-vitamin-k2-kenya-37663.png?v=1747251773",active
"MacuGuard? Ocular Support with Saffron","Get MacuGuard? Ocular Support with Saffron at unbeatable prices with same-day delivery in Nairobi, Kenya from Supplements Kenya.",4995.00,,"Food Supplements","","Life Extension","liex-01992","https://cdn.shopify.com/s/files/1/0668/3384/2462/files/macuguard-r-ocular-support-with-saffron-kenya-29626.png?v=1747251771",active
"Breast Health Formula","Get Breast Health Formula at unbeatable prices with same-day delivery in Nairobi, Kenya from Supplements Kenya.",4920.00,5340.00,"Food Supplements","","Life Extension","liex-01942","https://cdn.shopify.com/s/files/1/0668/3384/2462/files/breast-health-formula-kenya-26202.png?v=1747251767",active
"Standardized Cistanche","Get Standardized Cistanche at unbeatable prices with same-day delivery in Nairobi, Kenya from Supplements Kenya.",4555.00,0.00,"Food Supplements","","Life Extension","liex-01906","https://cdn.shopify.com/s/files/1/0668/3384/2462/files/standardized-cistanche-kenya-81302.png?v=1747251765",active
"AMPK Metabolic Activator","Get AMPK Metabolic Activator at unbeatable prices with same-day delivery in Nairobi, Kenya from Supplements Kenya.",4795.00,7995.00,"Food Supplements","","Life Extension","liex-02207","https://cdn.shopify.com/s/files/1/0668/3384/2462/files/ampk-metabolic-activator-kenya-1.png?v=1764638322",active
"Prenatal Advantage","Get Prenatal Advantage at unbeatable prices with same-day delivery in Nairobi, Kenya from Supplements Kenya.",4995.00,5995.00,"Food Supplements","","Life Extension","liex-02319","https://cdn.shopify.com/s/files/1/0668/3384/2462/files/prenatal-advantage-kenya-55508.png?v=1747251751",active
"WaistLine Control?","Get WaistLine Control? at unbeatable prices with same-day delivery in Nairobi, Kenya from Supplements Kenya.",4599.00,9978.00,"Food Supplements","","Life Extension","liex-01902","https://cdn.shopify.com/s/files/1/0668/3384/2462/files/waistline-controltm-kenya-52810.jpg?v=1747251749",active
"TMG","Get TMG at unbeatable prices with same-day delivery in Nairobi, Kenya from Supplements Kenya.",3690.00,4556.00,"Food Supplements","","Life Extension","liex-01859","https://cdn.shopify.com/s/files/1/0668/3384/2462/files/tmg-kenya-61055.png?v=1747251747",active
"Male Vascular Sexual Support","Get Male Vascular Sexual Support at unbeatable prices with same-day delivery in Nairobi, Kenya from Supplements Kenya.",4995.00,7995.00,"Food Supplements","","Life Extension","liex-02209","https://cdn.shopify.com/s/files/1/0668/3384/2462/files/male-vascular-sexual-support-kenya-73717.png?v=1747251743",active
"Extraordinary Enzymes","Get Extraordinary Enzymes at unbeatable prices with same-day delivery in Nairobi, Kenya from Supplements Kenya.",3495.00,4080.00,"Food Supplements","","Life Extension","liex-01706","https://cdn.shopify.com/s/files/1/0668/3384/2462/products/extraordinary-enzymes-kenya-52535.png?v=1747251738",active
"Life Extension SAMe 200 mg","Get Life Extension SAMe 200 mg at unbeatable prices with same-day delivery in Nairobi, Kenya from Supplements Kenya.",5495.00,7895.00,"Food Supplements","","Life Extension","liex-02174","https://cdn.shopify.com/s/files/1/0668/3384/2462/files/life-extension-same-200-mg-kenya-68281.jpg?v=1747251732",active
"Magnesium L-Threonate Powder - Kenya","Get Magnesium L-Threonate Powder - Kenya at unbeatable prices with same-day delivery in Nairobi, Kenya from Supplements Kenya.",5970.00,,"Minerals","Magnesium","Life Extension","liex-02032","https://cdn.shopify.com/s/files/1/0668/3384/2462/products/neuro-mag-r-magnesium-l-threonate-tropical-punch-kenya-31060.png?v=1747251719",active
"Ultra Prostate Formula","Get Ultra Prostate Formula at unbeatable prices with same-day delivery in Nairobi, Kenya from Supplements Kenya.",4995.00,7395.00,"Food Supplements","","Life Extension","liex-02029","https://cdn.shopify.com/s/files/1/0668/3384/2462/files/ultra-prostate-formula-kenya-91904.png?v=1747251715",active
"Cortisol-Stress Balance","Get Cortisol-Stress Balance at unbeatable prices with same-day delivery in Nairobi, Kenya from Supplements Kenya.",7073.00,,"Food Supplements","","Life Extension","liex-02312","https://cdn.shopify.com/s/files/1/0668/3384/2462/products/cortisol-stress-balance-kenya-46131.png?v=1747251713",active
"Bone Strength Collagen Formula","Get Bone Strength Collagen Formula at unbeatable prices with same-day delivery in Nairobi, Kenya from Supplements Kenya.",6116.00,7073.00,"Food Supplements","","Life Extension","liex-01725","https://cdn.shopify.com/s/files/1/0668/3384/2462/files/bone-strength-collagen-formula-kenya-57221.png?v=1747251706",active
"Ginseng Asian Energy Boost","Get Ginseng Asian Energy Boost at unbeatable prices with same-day delivery in Nairobi, Kenya from Supplements Kenya.",3199.00,4999.00,"Food Supplements","","Life Extension","liex-01805","https://cdn.shopify.com/s/files/1/0668/3384/2462/files/71vgCV_7kfL._AC_SL1500.jpg?v=1761814213",active
"D-Ribose Powder","Get D-Ribose Powder at unbeatable prices with same-day delivery in Nairobi, Kenya from Supplements Kenya.",7665.00,9000.00,"Food Supplements","","Life Extension","liex-00972","https://cdn.shopify.com/s/files/1/0668/3384/2462/files/d-ribose-powder-kenya-53620.jpg?v=1747251696",active
"Optimal BP Management","Get Optimal BP Management at unbeatable prices with same-day delivery in Nairobi, Kenya from Supplements Kenya.",5996.00,6915.00,"Food Supplements","","Life Extension","liex-00984","https://cdn.shopify.com/s/files/1/0668/3384/2462/files/optimal-bp-management-kenya-93407.png?v=1747251693",active
"Two-Per-Day Capsules 60 capsules","Get Two-Per-Day Capsules 60 capsules at unbeatable prices with same-day delivery in Nairobi, Kenya from Supplements Kenya.",3995.00,5689.00,"Food Supplements","","Life Extension","liex-02314","https://cdn.shopify.com/s/files/1/0668/3384/2462/files/71clft2mv9L._AC_SL1500_05780264-443e-41d1-87b0-b9444d6112a2.jpg?v=1770195790",active
"Fast-Acting Joint Formula","Get Fast-Acting Joint Formula at unbeatable prices with same-day delivery in Nairobi, Kenya from Supplements Kenya.",8300.00,9000.00,"Food Supplements","","Life Extension","liex-00965","https://cdn.shopify.com/s/files/1/0668/3384/2462/files/fast-acting-joint-formula-kenya-10550.png?v=1747251689",active
"Forskolin","Get Forskolin at unbeatable prices with same-day delivery in Nairobi, Kenya from Supplements Kenya.",3410.00,3995.00,"Food Supplements","","Life Extension","liex-01544","https://cdn.shopify.com/s/files/1/0668/3384/2462/files/forskolin-kenya-21487.png?v=1747251685",active
"One-Per-Day 60 Tablets","Get One-Per-Day 60 Tablets at unbeatable prices with same-day delivery in Nairobi, Kenya from Supplements Kenya.",3995.00,5995.00,"Vitamins","Multivitamins","Life Extension","liex-02313","https://cdn.shopify.com/s/files/1/0668/3384/2462/files/one-per-day-60-tablets-kenya-27008.png?v=1747251684",active
"Enhanced Super Digestive Enzymes","Get Enhanced Super Digestive Enzymes at unbeatable prices with same-day delivery in Nairobi, Kenya from Supplements Kenya.",3995.00,,"Food Supplements","","Life Extension","liex-02021","https://cdn.shopify.com/s/files/1/0668/3384/2462/files/enhanced-super-digestive-enzymes-kenya-27600.png?v=1747251682",active
"Lactoferrin Caps","Get Lactoferrin Caps at unbeatable prices with same-day delivery in Nairobi, Kenya from Supplements Kenya.",12190.00,13888.00,"Minerals","Iron","Life Extension","liex-01681","https://cdn.shopify.com/s/files/1/0668/3384/2462/files/lactoferrin-caps-kenya-24145.png?v=1747251676",active
"Uric Acid Control","Get Uric Acid Control at unbeatable prices with same-day delivery in Nairobi, Kenya from Supplements Kenya.",4495.00,6995.00,"Food Supplements","","Life Extension","liex-01921","https://cdn.shopify.com/s/files/1/0668/3384/2462/files/uric-acid-control-kenya-60284.png?v=1747251669",active
"L-Theanine","Get L-Theanine at unbeatable prices with same-day delivery in Nairobi, Kenya from Supplements Kenya.",3399.00,5995.00,"Food Supplements","","Life Extension","liex-01683","https://cdn.shopify.com/s/files/1/0668/3384/2462/files/71dpvBT8FrL._AC_SL1500__1.jpg?v=1768898821",active
"Black Elderberry + Vitamin C","Get Black Elderberry + Vitamin C at unbeatable prices with same-day delivery in Nairobi, Kenya from Supplements Kenya.",7665.00,9000.00,"Vitamins","Vitamin C","Life Extension","liex-02410","https://cdn.shopify.com/s/files/1/0668/3384/2462/files/black-elderberry-vitamin-c-kenya-39295.png?v=1747251657",active
"Energy Renew","Get Energy Renew at unbeatable prices with same-day delivery in Nairobi, Kenya from Supplements Kenya.",6955.00,7990.00,"Food Supplements","","Life Extension","liex-01900","https://cdn.shopify.com/s/files/1/0668/3384/2462/files/energy-renew-kenya-34460.png?v=1747251652",active
"PalmettoGuard? Saw Palmetto and Beta-Sitosterol","Get PalmettoGuard? Saw Palmetto and Beta-Sitosterol at unbeatable prices with same-day delivery in Nairobi, Kenya from Supplements Kenya.",3676.00,3995.00,"Food Supplements","","Life Extension","liex-01789","https://cdn.shopify.com/s/files/1/0668/3384/2462/files/palmettoguard-r-saw-palmetto-and-beta-sitosterol-kenya-90557.png?v=1747251650",active
"Ascorbyl Palmitate","Get Ascorbyl Palmitate at unbeatable prices with same-day delivery in Nairobi, Kenya from Supplements Kenya.",3395.00,5800.00,"Food Supplements","","Life Extension","liex-01533","https://cdn.shopify.com/s/files/1/0668/3384/2462/files/ascorbyl-palmitate-kenya-1.png?v=1764638322",draft
"Enhanced Sex for Women 50+","Get Enhanced Sex for Women 50+ at unbeatable prices with same-day delivery in Nairobi, Kenya from Supplements Kenya.",11300.00,11500.00,"Food Supplements","","Life Extension","liex-01626","https://cdn.shopify.com/s/files/1/0668/3384/2462/files/enhanced-sex-for-women-50-kenya-35586.jpg?v=1747251631",active
"High Potency Optimized Folate","Get High Potency Optimized Folate at unbeatable prices with same-day delivery in Nairobi, Kenya from Supplements Kenya.",3832.00,4500.00,"Vitamins","Vitamin B Complex","Life Extension","liex-01913","https://cdn.shopify.com/s/files/1/0668/3384/2462/files/high-potency-optimized-folate-kenya-95346.png?v=1747251625",active
"Calcium D-Glucarate","Get Calcium D-Glucarate at unbeatable prices with same-day delivery in Nairobi, Kenya from Supplements Kenya.",3495.00,4995.00,"Food Supplements","","Life Extension","liex-01651","https://cdn.shopify.com/s/files/1/0668/3384/2462/files/calcium-d-glucarate-kenya-18758.png?v=1747251623",active
"NAD+ Cell Regenerator? & Resveratrol","Get NAD+ Cell Regenerator? & Resveratrol at unbeatable prices with same-day delivery in Nairobi, Kenya from Supplements Kenya.",12999.00,14999.00,"Food Supplements","","Life Extension","liex-02348","https://cdn.shopify.com/s/files/1/0668/3384/2462/files/nad-cell-regeneratortm-and-resveratrol-kenya-83609.jpg?v=1747251621",active
"Standardized European Bilberry Extract","Get Standardized European Bilberry Extract at unbeatable prices with same-day delivery in Nairobi, Kenya from Supplements Kenya.",5468.00,0.00,"Food Supplements","","Life Extension","liex-01873","https://cdn.shopify.com/s/files/1/0668/3384/2462/files/standardized-european-bilberry-extract-kenya-46146.png?v=1747251619",active
"SOD Booster","Get SOD Booster at unbeatable prices with same-day delivery in Nairobi, Kenya from Supplements Kenya.",8588.00,,"Food Supplements","","Life Extension","liex-02361","https://cdn.shopify.com/s/files/1/0668/3384/2462/files/sod-booster-kenya-37097.png?v=1747251615",active
"Mitochondrial Basics with PQQ","Get Mitochondrial Basics with PQQ at unbeatable prices with same-day delivery in Nairobi, Kenya from Supplements Kenya.",8595.00,9000.00,"Food Supplements","","Life Extension","liex-01869","https://cdn.shopify.com/s/files/1/0668/3384/2462/files/mitochondrial-basics-with-pqq-kenya-46774.png?v=1747251601",active
"5 Day Elderberry Immune (Berry Flavor)","Get 5 Day Elderberry Immune (Berry Flavor) at unbeatable prices with same-day delivery in Nairobi, Kenya from Supplements Kenya.",3230.00,4995.00,"Food Supplements","","Life Extension","liex-02411","https://cdn.shopify.com/s/files/1/0668/3384/2462/files/5-day-elderberry-immune-berry-flavor-kenya-1.png?v=1764638212",active
"Strontium Caps","Get Strontium Caps at unbeatable prices with same-day delivery in Nairobi, Kenya from Supplements Kenya.",4200.00,,"Food Supplements","","Life Extension","liex-01476","https://cdn.shopify.com/s/files/1/0668/3384/2462/files/strontium-caps-kenya-62174.png?v=1747251590",active
"Peony Immune","Get Peony Immune at unbeatable prices with same-day delivery in Nairobi, Kenya from Supplements Kenya.",7665.00,,"Food Supplements","","Life Extension","liex-01811","https://cdn.shopify.com/s/files/1/0668/3384/2462/files/peony-immune-kenya-56066.png?v=1747251588",active
"Super K Elite","Get Super K Elite at unbeatable prices with same-day delivery in Nairobi, Kenya from Supplements Kenya.",6575.00,8798.00,"Vitamins","Vitamin K","Life Extension","liex-02335","https://cdn.shopify.com/s/files/1/0668/3384/2462/files/super-k-elite-kenya-12715.png?v=1747251584",active
"Super K","Get Super K at unbeatable prices with same-day delivery in Nairobi, Kenya from Supplements Kenya.",2995.00,5995.00,"Vitamins","Vitamin K","Life Extension","liex-02334","https://cdn.shopify.com/s/files/1/0668/3384/2462/files/super-k-kenya-78072.png?v=1747251582",active
"Low Dose Vitamin K2","Get Low Dose Vitamin K2 at unbeatable prices with same-day delivery in Nairobi, Kenya from Supplements Kenya.",2995.00,5400.00,"Vitamins","Vitamin K","Life Extension","liex-01936","https://cdn.shopify.com/s/files/1/0668/3384/2462/files/low-dose-vitamin-k2-kenya-39455.png?v=1747251580",active
"Gamma E Mixed Tocopherols","Get Gamma E Mixed Tocopherols at unbeatable prices with same-day delivery in Nairobi, Kenya from Supplements Kenya.",8520.00,9900.00,"Food Supplements","","Life Extension","liex-02075","https://cdn.shopify.com/s/files/1/0668/3384/2462/files/gamma-e-mixed-tocopherols-kenya-92597.png?v=1747251578",active
"Gamma E Mixed Tocopherols & Tocotrienols","Get Gamma E Mixed Tocopherols & Tocotrienols at unbeatable prices with same-day delivery in Nairobi, Kenya from Supplements Kenya.",8595.00,10000.00,"Food Supplements","","Life Extension","liex-02070","https://cdn.shopify.com/s/files/1/0668/3384/2462/files/gamma-e-mixed-tocopherols-and-tocotrienols-kenya-34039.png?v=1747251576",active
"Super Absorbable Tocotrienols","Get Super Absorbable Tocotrienols at unbeatable prices with same-day delivery in Nairobi, Kenya from Supplements Kenya.",3595.00,5195.00,"Food Supplements","","Life Extension","liex-01400","https://cdn.shopify.com/s/files/1/0668/3384/2462/files/super-absorbable-tocotrienols-kenya-95515.png?v=1747251574",active
"Life Extension Vitamin D3","Get Life Extension Vitamin D3 at unbeatable prices with same-day delivery in Nairobi, Kenya from Supplements Kenya.",2200.00,3600.00,"Vitamins","Vitamin D","Life Extension","liex-01713","https://cdn.shopify.com/s/files/1/0668/3384/2462/files/vitamin-d3-life-extension-kenya-37474.png?v=1747251572",active
"Calcium Citrate with Vitamin D","Get Calcium Citrate with Vitamin D at unbeatable prices with same-day delivery in Nairobi, Kenya from Supplements Kenya.",5965.00,6500.00,"Food Supplements","","Life Extension","liex-01963","https://cdn.shopify.com/s/files/1/0668/3384/2462/files/calcium-citrate-with-vitamin-d-kenya-17747.png?v=1747251570",active
"Vitamin C and Bio-Quercetin","Get Vitamin C and Bio-Quercetin at unbeatable prices with same-day delivery in Nairobi, Kenya from Supplements Kenya.",2995.00,3995.00,"Vitamins","Vitamin C","Life Extension","liex-02228","https://cdn.shopify.com/s/files/1/0668/3384/2462/files/vitamin-c-and-bio-quercetin-kenya-53603.png?v=1747251566",active
"BioActive Complete B-Complex","Get BioActive Complete B-Complex at unbeatable prices with same-day delivery in Nairobi, Kenya from Supplements Kenya.",2995.00,3400.00,"Vitamins","Vitamin B Complex","Life Extension","liex-01945","https://cdn.shopify.com/s/files/1/0668/3384/2462/files/bioactive-complete-b-complex-kenya-76532.png?v=1747251562",active
"Homocysteine Resist","Get Homocysteine Resist at unbeatable prices with same-day delivery in Nairobi, Kenya from Supplements Kenya.",5550.00,6495.00,"Vitamins","Vitamin B Complex","Life Extension","liex-02121","https://cdn.shopify.com/s/files/1/0668/3384/2462/files/homocysteine-resist-kenya-75758.png?v=1747251560",active
"Benfotiamine with Thiamine","Get Benfotiamine with Thiamine at unbeatable prices with same-day delivery in Nairobi, Kenya from Supplements Kenya.",3995.00,5400.00,"Vitamins","Vitamin B Complex","Life Extension","liex-00920","https://cdn.shopify.com/s/files/1/0668/3384/2462/files/benfotiamine-with-thiamine-kenya-80407.png?v=1747251556",active
"No Flush Niacin","Get No Flush Niacin at unbeatable prices with same-day delivery in Nairobi, Kenya from Supplements Kenya.",2980.00,,"Vitamins","Vitamin B Complex","Life Extension","liex-00373","https://cdn.shopify.com/s/files/1/0668/3384/2462/products/no-flush-niacin-kenya-76000.png?v=1747251554",active
"Vitamin B12 Methylcobalamin","Get Vitamin B12 Methylcobalamin at unbeatable prices with same-day delivery in Nairobi, Kenya from Supplements Kenya.",2295.00,3795.00,"Vitamins","Vitamin B Complex","Life Extension","liex-01536","https://cdn.shopify.com/s/files/1/0668/3384/2462/files/vitamin-b12-methylcobalamin-kenya-32390.png?v=1747251552",active
"Vitamin B3 Niacin","Get Vitamin B3 Niacin at unbeatable prices with same-day delivery in Nairobi, Kenya from Supplements Kenya.",1995.00,2995.00,"Vitamins","Vitamin B Complex","Life Extension","liex-00372","https://cdn.shopify.com/s/files/1/0668/3384/2462/files/vitamin-b3-niacin-kenya-49795.png?v=1747251550",active
"Vitamin B6 Supplement - Kenya","Get Vitamin B6 Supplement - Kenya at unbeatable prices with same-day delivery in Nairobi, Kenya from Supplements Kenya.",1900.00,0.00,"Vitamins","Vitamin B Complex","Life Extension","liex-01535","https://cdn.shopify.com/s/files/1/0668/3384/2462/files/vitamin-b6-kenya-82678.png?v=1747251548",active
"BioActive Folate & Vitamin B12","Get BioActive Folate & Vitamin B12 at unbeatable prices with same-day delivery in Nairobi, Kenya from Supplements Kenya.",4295.00,5500.00,"Vitamins","Vitamin B Complex","Life Extension","liex-01842","https://cdn.shopify.com/s/files/1/0668/3384/2462/files/bioactive-folate-and-vitamin-b12-kenya-85686.png?v=1747251546",active
"Pantothenic Acid","Get Pantothenic Acid at unbeatable prices with same-day delivery in Nairobi, Kenya from Supplements Kenya.",3995.00,4990.00,"Vitamins","Vitamin B Complex","Life Extension","liex-02028","https://cdn.shopify.com/s/files/1/0668/3384/2462/files/pantothenic-acid-kenya-13241.png?v=1747251543",active
"Pyridoxal 5'-Phosphate Caps","Get Pyridoxal 5'-Phosphate Caps at unbeatable prices with same-day delivery in Nairobi, Kenya from Supplements Kenya.",6675.00,,"Food Supplements","","Life Extension","liex-01217","https://cdn.shopify.com/s/files/1/0668/3384/2462/files/pyridoxal-5-phosphate-caps-kenya-81255.png?v=1747251542",active
"Vitamin B12 Methylcobalamin","Get Vitamin B12 Methylcobalamin at unbeatable prices with same-day delivery in Nairobi, Kenya from Supplements Kenya.",4299.00,8995.00,"Vitamins","Vitamin B Complex","Life Extension","liex-01537","https://cdn.shopify.com/s/files/1/0668/3384/2462/files/vitamin-b12-methylcobalamin-kenya-37530.jpg?v=1747251540",active
"Adrenal Energy Formula","Get Adrenal Energy Formula at unbeatable prices with same-day delivery in Nairobi, Kenya from Supplements Kenya.",3595.00,5995.00,"Food Supplements","","Life Extension","liex-01630","https://cdn.shopify.com/s/files/1/0668/3384/2462/files/adrenal-energy-formula-kenya-1.jpg?v=1764638213",active
"Potassium Iodide Tablets","Get Potassium Iodide Tablets at unbeatable prices with same-day delivery in Nairobi, Kenya from Supplements Kenya.",3360.00,3890.00,"Food Supplements","","Life Extension","liex-00577","https://cdn.shopify.com/s/files/1/0668/3384/2462/files/potassium-iodide-tablets-kenya-20540.png?v=1747251534",active
"Melatonin 10mg","Get Melatonin 10mg at unbeatable prices with same-day delivery in Nairobi, Kenya from Supplements Kenya.",5995.00,6999.00,"Food Supplements","","Life Extension","liex-00331","https://cdn.shopify.com/s/files/1/0668/3384/2462/files/melatonin-10mg-kenya-42000.png?v=1747251532",draft
"Melatonin 6 Hour Timed Release","Get Melatonin 6 Hour Timed Release at unbeatable prices with same-day delivery in Nairobi, Kenya from Supplements Kenya.",2995.00,3400.00,"Food Supplements","","Life Extension","liex-01786","https://cdn.shopify.com/s/files/1/0668/3384/2462/files/melatonin-6-hour-timed-release-kenya-35109.png?v=1747251530",active
"Enhanced Sleep with Melatonin","Get Enhanced Sleep with Melatonin at unbeatable prices with same-day delivery in Nairobi, Kenya from Supplements Kenya.",3465.00,,"Food Supplements","","Life Extension","liex-01551","https://cdn.shopify.com/s/files/1/0668/3384/2462/products/enhanced-sleep-with-melatonin-kenya-54257.png?v=1747251524",active
"Melatonin 3mg","Get Melatonin 3mg at unbeatable prices with same-day delivery in Nairobi, Kenya from Supplements Kenya.",2495.00,2900.00,"Food Supplements","","Life Extension","liex-00330","https://cdn.shopify.com/s/files/1/0668/3384/2462/files/melatonin-3mg-kenya-84488.png?v=1747251522",active
"Super Omega-3 EPA-DHA Fish Oil","Get Super Omega-3 EPA-DHA Fish Oil at unbeatable prices with same-day delivery in Nairobi, Kenya from Supplements Kenya.",4900.00,6899.00,"Food Supplements","","Life Extension","liex-01985","https://cdn.shopify.com/s/files/1/0668/3384/2462/files/super-omega-3-epa-dha-fish-oil-sesame-lignans-and-olive-extract-enteric-coated-kenya-18805.png?v=1747251518",draft
"Mega GLA Sesame Lignans","Get Mega GLA Sesame Lignans at unbeatable prices with same-day delivery in Nairobi, Kenya from Supplements Kenya.",5960.00,6995.00,"Food Supplements","","Life Extension","liex-02218","https://cdn.shopify.com/s/files/1/0668/3384/2462/files/mega-gla-sesame-lignans-kenya-57554.png?v=1747251516",active
"Mega EPA-DHA Omega-3","Get Mega EPA-DHA Omega-3 at unbeatable prices with same-day delivery in Nairobi, Kenya from Supplements Kenya.",4095.00,8695.00,"Food Supplements","","Life Extension","liex-01937","https://cdn.shopify.com/s/files/1/0668/3384/2462/files/mega-epa-dha-omega-3-kenya-36429.png?v=1747251514",active
"Super Omega-3 EPA-DHA Fish Oil, Sesame Lignans & Olive Extract","Get Super Omega-3 EPA-DHA Fish Oil, Sesame Lignans & Olive Extract at unbeatable prices with same-day delivery in Nairobi, Kenya from Supplements Kenya.",3326.00,6999.00,"Food Supplements","","Life Extension","liex-01983","https://cdn.shopify.com/s/files/1/0668/3384/2462/files/super-omega-3-epa-dha-fish-oil-sesame-lignans-and-olive-extract-kenya-68608.png?v=1747251512",active
"Sea-Iodine?","Get Sea-Iodine? at unbeatable prices with same-day delivery in Nairobi, Kenya from Supplements Kenya.",1995.00,2100.00,"Food Supplements","","Life Extension","liex-01740","https://cdn.shopify.com/s/files/1/0668/3384/2462/files/sea-iodinetm-kenya-32009.png?v=1747251507",active
"Super Selenium Complex","Get Super Selenium Complex at unbeatable prices with same-day delivery in Nairobi, Kenya from Supplements Kenya.",3095.00,4200.00,"Food Supplements","","Life Extension","liex-01778","https://cdn.shopify.com/s/files/1/0668/3384/2462/files/super-selenium-complex-kenya-17477.png?v=1747251505",active
"Magnesium (Citrate) 100mg 180 Capsules","Get Magnesium (Citrate) 100mg 180 Capsules at unbeatable prices with same-day delivery in Nairobi, Kenya from Supplements Kenya.",3900.00,,"Food Supplements","","Life Extension","liex-01682","https://cdn.shopify.com/s/files/1/0668/3384/2462/files/magnesium-citrate-100mg-kenya-96041.png?v=1747251503",active
"Extend-Release Magnesium","Get Extend-Release Magnesium at unbeatable prices with same-day delivery in Nairobi, Kenya from Supplements Kenya.",2995.00,3495.00,"Food Supplements","","Life Extension","liex-02107","https://cdn.shopify.com/s/files/1/0668/3384/2462/files/extend-release-magnesium-kenya-45810.png?v=1747251498",active
"Vitamin D and K with Sea-Iodine?","Get Vitamin D and K with Sea-Iodine? at unbeatable prices with same-day delivery in Nairobi, Kenya from Supplements Kenya.",3995.00,5995.00,"Vitamins","Vitamin D","Life Extension","liex-02040","https://cdn.shopify.com/s/files/1/0668/3384/2462/files/vitamin-d-and-k-with-sea-iodinetm-kenya-46565.png?v=1747251494",active
"Optimized Chromium with Crominex","Get Optimized Chromium with Crominex at unbeatable prices with same-day delivery in Nairobi, Kenya from Supplements Kenya.",2795.00,3245.00,"Food Supplements","","Life Extension","liex-01504","https://cdn.shopify.com/s/files/1/0668/3384/2462/files/optimized-chromium-with-crominex-kenya-36848.png?v=1747251493",active
"Boron 3mg","Get Boron 3mg at unbeatable prices with same-day delivery in Nairobi, Kenya from Supplements Kenya.",1995.00,3995.00,"Food Supplements","","Life Extension","liex-01661","https://cdn.shopify.com/s/files/1/0668/3384/2462/files/boron-3mg-kenya-58837.png?v=1747251490",active
"Se-Methyl L-Selenocysteine","Get Se-Methyl L-Selenocysteine at unbeatable prices with same-day delivery in Nairobi, Kenya from Supplements Kenya.",2495.00,,"Food Supplements","","Life Extension","liex-01879","https://cdn.shopify.com/s/files/1/0668/3384/2462/files/se-methyl-l-selenocysteine-kenya-11501.png?v=1747251489",active
"Zinc Caps 50 mg","Get Zinc Caps 50 mg at unbeatable prices with same-day delivery in Nairobi, Kenya from Supplements Kenya.",1950.00,2500.00,"Minerals","Zinc","Life Extension","liex-01813","https://cdn.shopify.com/s/files/1/0668/3384/2462/files/zinc-caps-50-mg-kenya-99775.png?v=1747251483",active
"Magnesium Caps 500mg","Get Magnesium Caps 500mg at unbeatable prices with same-day delivery in Nairobi, Kenya from Supplements Kenya.",2795.00,,"Food Supplements","","Jarrow Formulas","liex-01459","https://cdn.shopify.com/s/files/1/0668/3384/2462/files/magnesium-caps-500mg-kenya-21815.png?v=1747251481",active
"DHEA 25mg Life Extension","Get DHEA 25mg Life Extension at unbeatable prices with same-day delivery in Nairobi, Kenya from Supplements Kenya.",2895.00,3995.00,"Food Supplements","","Life Extension","liex-00335","https://cdn.shopify.com/s/files/1/0668/3384/2462/files/dhea-25mg-life-extension-kenya-92682.jpg?v=1747251475",active
"Super Miraforte with Standardized Lignans","Get Super Miraforte with Standardized Lignans at unbeatable prices with same-day delivery in Nairobi, Kenya from Supplements Kenya.",9785.00,12987.00,"Food Supplements","","Life Extension","liex-01940","https://cdn.shopify.com/s/files/1/0668/3384/2462/files/super-miraforte-with-standardized-lignans-kenya-86406.png?v=1747251473",active
"Menopause Relief","Get Menopause Relief at unbeatable prices with same-day delivery in Nairobi, Kenya from Supplements Kenya.",4495.00,5670.00,"Food Supplements","","Life Extension","liex-02204","https://cdn.shopify.com/s/files/1/0668/3384/2462/files/71ujJl8dXcL.jpg?v=1761206436",active
"Super Absorbable Soy Isoflavones","Get Super Absorbable Soy Isoflavones at unbeatable prices with same-day delivery in Nairobi, Kenya from Supplements Kenya.",4500.00,6500.00,"Food Supplements","","Life Extension","liex-01649","https://cdn.shopify.com/s/files/1/0668/3384/2462/files/super-absorbable-soy-isoflavones-kenya-21078.png?v=1747251469",active
"FLORASSIST? Oral Hygiene","Get FLORASSIST? Oral Hygiene at unbeatable prices with same-day delivery in Nairobi, Kenya from Supplements Kenya.",3071.00,5900.00,"Food Supplements","","Life Extension","liex-02120","https://cdn.shopify.com/s/files/1/0668/3384/2462/files/florassist-r-oral-hygiene-kenya-87159.png?v=1747251461",active
"FLORASSIST? Liver Restore?","Get FLORASSIST? Liver Restore? at unbeatable prices with same-day delivery in Nairobi, Kenya from Supplements Kenya.",3150.00,,"Food Supplements","","Life Extension","liex-02402","https://cdn.shopify.com/s/files/1/0668/3384/2462/products/florassist-r-liver-restoretm-kenya-14357.png?v=1747251453",active
"Senolytic Activator","Get Senolytic Activator at unbeatable prices with same-day delivery in Nairobi, Kenya from Supplements Kenya.",5600.00,,"Food Supplements","","Life Extension","liex-02301","https://cdn.shopify.com/s/files/1/0668/3384/2462/files/senolytic-activator-kenya-21686.png?v=1747251439",active
"Alpha-Lipoic Acid with Biotin","Get Alpha-Lipoic Acid with Biotin at unbeatable prices with same-day delivery in Nairobi, Kenya from Supplements Kenya.",4499.00,7998.00,"Food Supplements","","Life Extension","liex-00457","https://cdn.shopify.com/s/files/1/0668/3384/2462/files/alpha-lipoic-acid-with-biotin-kenya-1.png?v=1764638213",draft
"Super R-Lipoic Acid","Get Super R-Lipoic Acid at unbeatable prices with same-day delivery in Nairobi, Kenya from Supplements Kenya.",5299.00,6500.00,"Food Supplements","","Life Extension","liex-01208","https://cdn.shopify.com/s/files/1/0668/3384/2462/files/super-r-lipoic-acid-kenya-18358.png?v=1747251435",active
"GEROPROTECT? Autophagy Renew","Get GEROPROTECT? Autophagy Renew at unbeatable prices with same-day delivery in Nairobi, Kenya from Supplements Kenya.",5550.00,6500.00,"Food Supplements","","Life Extension","liex-02415","https://cdn.shopify.com/s/files/1/0668/3384/2462/files/geroprotect-r-autophagy-renew-kenya-83776.jpg?v=1747251430",active
"AppleWise","Get AppleWise at unbeatable prices with same-day delivery in Nairobi, Kenya from Supplements Kenya.",3095.00,5000.00,"Food Supplements","","Life Extension","liex-01625","https://cdn.shopify.com/s/files/1/0668/3384/2462/files/applewise-kenya-1.png?v=1764638322",active
"Astaxanthin with Phospholipids","Get Astaxanthin with Phospholipids at unbeatable prices with same-day delivery in Nairobi, Kenya from Supplements Kenya.",2495.00,3995.00,"Food Supplements","","Life Extension","liex-01923","https://cdn.shopify.com/s/files/1/0668/3384/2462/files/astaxanthin-with-phospholipids-kenya-1.png?v=1764638322",active
"Optimized Folate","Get Optimized Folate at unbeatable prices with same-day delivery in Nairobi, Kenya from Supplements Kenya.",3195.00,3999.00,"Vitamins","Vitamin B Complex","Life Extension","liex-01939","https://cdn.shopify.com/s/files/1/0668/3384/2462/files/optimized-folate-kenya-75731.png?v=1747251421",active
"GEROPROTECT? Ageless Cell?","Get GEROPROTECT? Ageless Cell? at unbeatable prices with same-day delivery in Nairobi, Kenya from Supplements Kenya.",7070.00,7999.00,"Food Supplements","","Life Extension","liex-02119","https://cdn.shopify.com/s/files/1/0668/3384/2462/files/geroprotect-r-ageless-celltm-kenya-10531.png?v=1747251416",active
"Bio-Fisetin","Get Bio-Fisetin at unbeatable prices with same-day delivery in Nairobi, Kenya from Supplements Kenya.",2362.50,,"Food Supplements","","Life Extension","liex-02414","https://cdn.shopify.com/s/files/1/0668/3384/2462/files/bio-fisetin-kenya-34924.png?v=1747251412",active
"Once-Daily Health Booster","Get Once-Daily Health Booster at unbeatable prices with same-day delivery in Nairobi, Kenya from Supplements Kenya.",7095.00,7800.00,"Food Supplements","","Life Extension","liex-02291","https://cdn.shopify.com/s/files/1/0668/3384/2462/files/once-daily-health-booster-kenya-21368.png?v=1747251408",active
"GEROPROTECT? Stem Cell","Get GEROPROTECT? Stem Cell at unbeatable prices with same-day delivery in Nairobi, Kenya from Supplements Kenya.",7795.00,9800.00,"Food Supplements","","Life Extension","liex-02401","https://cdn.shopify.com/s/files/1/0668/3384/2462/files/geroprotect-r-stem-cell-kenya-61864.png?v=1747251395",active
"Resveratrol","Get Resveratrol at unbeatable prices with same-day delivery in Nairobi, Kenya from Supplements Kenya.",4995.00,6995.00,"Food Supplements","","Jarrow Formulas","liex-02210","https://cdn.shopify.com/s/files/1/0668/3384/2462/files/resveratrol-kenya-23701.png?v=1747251391",active
"DNA Protection Formula","Get DNA Protection Formula at unbeatable prices with same-day delivery in Nairobi, Kenya from Supplements Kenya.",4195.00,6000.00,"Food Supplements","","Life Extension","liex-02270","https://cdn.shopify.com/s/files/1/0668/3384/2462/files/dna-protection-formula-kenya-40084.png?v=1747251389",active
"Memory Protect","Get Memory Protect at unbeatable prices with same-day delivery in Nairobi, Kenya from Supplements Kenya.",4999.00,5995.00,"Food Supplements","","Life Extension","liex-02101","https://cdn.shopify.com/s/files/1/0668/3384/2462/files/memory-protect-kenya-30602.png?v=1747251383",active
"Magnesium L-Threonate Neuro-Mag 90 Vegetarian Capsules","Get Magnesium L-Threonate Neuro-Mag 90 Vegetarian Capsules at unbeatable prices with same-day delivery in Nairobi, Kenya from Supplements Kenya.",7195.00,8995.00,"Minerals","Magnesium","Life Extension","liex-01603","https://cdn.shopify.com/s/files/1/0668/3384/2462/files/neuro-mag-r-magnesium-l-threonate-kenya-76471.png?v=1747251381",active
"Citicoline (CDP-Choline)","Get Citicoline (CDP-Choline) at unbeatable prices with same-day delivery in Nairobi, Kenya from Supplements Kenya.",3999.00,8000.00,"Food Supplements","","Jarrow Formulas","liex-01659","https://cdn.shopify.com/s/files/1/0668/3384/2462/files/citicoline-cdp-choline-kenya-53336.png?v=1747251373",active
"Quick Brain Nootropic","Get Quick Brain Nootropic at unbeatable prices with same-day delivery in Nairobi, Kenya from Supplements Kenya.",4595.00,5195.00,"Food Supplements","","Life Extension","liex-02406","https://cdn.shopify.com/s/files/1/0668/3384/2462/files/quick-brain-nootropic-kenya-58385.png?v=1747251367",active
"Lecithin","Get Lecithin at unbeatable prices with same-day delivery in Nairobi, Kenya from Supplements Kenya.",4172.00,5600.00,"Food Supplements","","Life Extension","liex-00020","https://cdn.shopify.com/s/files/1/0668/3384/2462/files/lecithin-kenya-26988.png?v=1747251365",active
"DMAE Bitartrate","Get DMAE Bitartrate at unbeatable prices with same-day delivery in Nairobi, Kenya from Supplements Kenya.",2835.00,,"Food Supplements","","Life Extension","liex-01540","https://cdn.shopify.com/s/files/1/0668/3384/2462/products/dmae-bitartrate-kenya-42231.png?v=1747251363",active
"L-Carnitine 500mg","Get L-Carnitine 500mg at unbeatable prices with same-day delivery in Nairobi, Kenya from Supplements Kenya.",3995.00,4995.00,"Food Supplements","","Life Extension","liex-01532","https://cdn.shopify.com/s/files/1/0668/3384/2462/files/l-carnitine-500mg-kenya-36156.png?v=1747251348",active
"Taurine 1000 mg","Get Taurine 1000 mg at unbeatable prices with same-day delivery in Nairobi, Kenya from Supplements Kenya.",3095.00,3999.00,"Food Supplements","","Life Extension","liex-01827","https://cdn.shopify.com/s/files/1/0668/3384/2462/files/taurine-1000-mg-kenya-59551.png?v=1747251344",active
"Branched Chain Amino Acids","Get Branched Chain Amino Acids at unbeatable prices with same-day delivery in Nairobi, Kenya from Supplements Kenya.",4260.00,4995.00,"Food Supplements","","Life Extension","liex-01253","https://cdn.shopify.com/s/files/1/0668/3384/2462/files/branched-chain-amino-acids-kenya-96928.png?v=1747251342",active
"L-Glutamine Powder","Get L-Glutamine Powder at unbeatable prices with same-day delivery in Nairobi, Kenya from Supplements Kenya.",3395.00,,"Food Supplements","","Life Extension","liex-00141","https://cdn.shopify.com/s/files/1/0668/3384/2462/products/l-glutamine-powder-kenya-55390.png?v=1747251338",active
"Branched Chain Amino Acids","Get Branched Chain Amino Acids at unbeatable prices with same-day delivery in Nairobi, Kenya from Supplements Kenya.",3136.00,,"Food Supplements","","Life Extension","","https://cdn.shopify.com/s/files/1/0668/3384/2462/products/branched-chain-amino-acids-kenya-70650.png?v=1747251335",active
"Sports Research Hydrolyzed Collagen Peptides Powder 454g","Get Sports Research Hydrolyzed Collagen Peptides Powder 454g at unbeatable prices with same-day delivery in Nairobi, Kenya from Supplements Kenya.",7395.00,9900.00,"Collagen","Collagen Peptides","Sports Research","","https://cdn.shopify.com/s/files/1/0668/3384/2462/files/sports-research-hydrolyzed-collagen-peptides-powder-454g-kenya-78305.png?v=1747251331",active
"Neocell Super Collagen + Vitamin C & Biotin 360 Tablets","Get Neocell Super Collagen + Vitamin C & Biotin 360 Tablets at unbeatable prices with same-day delivery in Nairobi, Kenya from Supplements Kenya.",4495.00,7699.00,"Collagen","Collagen Peptides","Neocell","Neocaps-2","https://cdn.shopify.com/s/files/1/0668/3384/2462/files/5ce6e731-a6f2-4e2c-9fd8-ee19349e9668.30dc71114c838b3d9c89727cd43bcefd.avif?v=1774850587",active
"Best Pure Forskolin Extract - Kenya","Get Best Pure Forskolin Extract - Kenya at unbeatable prices with same-day delivery in Nairobi, Kenya from Supplements Kenya.",4500.00,5200.00,"Food Supplements","","California Products","'793597660282","https://cdn.shopify.com/s/files/1/0668/3384/2462/files/best-pure-forskolin-extract-kenya-63300.jpg?v=1747251301",active
"Sports Research Marine Collagen Peptides Powder","Get Sports Research Marine Collagen Peptides Powder at unbeatable prices with same-day delivery in Nairobi, Kenya from Supplements Kenya.",7895.00,9600.00,"Collagen","Collagen Peptides","Sports Research","023249010180-1","https://cdn.shopify.com/s/files/1/0668/3384/2462/files/sports-research-marine-collagen-peptides-powder-kenya-55471.jpg?v=1747251299",active
"Marine Collagen with Hyaluronic Acid - Kenya","Get Marine Collagen with Hyaluronic Acid - Kenya at unbeatable prices with same-day delivery in Nairobi, Kenya from Supplements Kenya.",4995.00,5495.00,"Collagen","Collagen Peptides","Neocell","Neocaps-1-1","https://cdn.shopify.com/s/files/1/0668/3384/2462/files/61gZXxrU9KL._AC_SL1500.jpg?v=1774593219",active
"Neocell Collagen Type 2 Joint Complex","Get Neocell Collagen Type 2 Joint Complex at unbeatable prices with same-day delivery in Nairobi, Kenya from Supplements Kenya.",5595.00,8400.00,"Collagen","Collagen Peptides","Neocell","Neocaps-1","https://cdn.shopify.com/s/files/1/0668/3384/2462/files/61XX4PDeTHL._AC_SL1500.jpg?v=1768904304",active
"Neocell Super Collagen Powder","Get Neocell Super Collagen Powder at unbeatable prices with same-day delivery in Nairobi, Kenya from Supplements Kenya.",3995.00,5995.00,"Collagen","Collagen Peptides","Neocell","NeoCol 1","https://cdn.shopify.com/s/files/1/0668/3384/2462/files/neocell-super-collagen-powder-kenya-20082.png?v=1747251287",active
"Hydroxycut Pro Clinical","Get Hydroxycut Pro Clinical at unbeatable prices with same-day delivery in Nairobi, Kenya from Supplements Kenya.",4995.00,6995.00,"Food Supplements","","Hydroxycut","","https://cdn.shopify.com/s/files/1/0668/3384/2462/files/hydroxycut-pro-clinical-kenya-76444.jpg?v=1747251280",active
"Dr. Best Serrapeptase 120,000 SPU","Get Dr. Best Serrapeptase 120,000 SPU at unbeatable prices with same-day delivery in Nairobi, Kenya from Supplements Kenya.",6295.00,7300.00,"Food Supplements","","Dr. Best","now2954-1","https://cdn.shopify.com/s/files/1/0668/3384/2462/files/dr-best-serrapeptase-120000-spu-kenya-90054.jpg?v=1747251269",active
"Yarrow Flowers Supplement","Get Yarrow Flowers Supplement at unbeatable prices with same-day delivery in Nairobi, Kenya from Supplements Kenya.",2875.00,3999.00,"Food Supplements","","Solary","DIM200-1-1","https://cdn.shopify.com/s/files/1/0668/3384/2462/files/yarrow-flowers-kenya-13613.jpg?v=1747251261",active
"Reduced Glutathione + Liposomal Vitamin-C","Get Reduced Glutathione + Liposomal Vitamin-C at unbeatable prices with same-day delivery in Nairobi, Kenya from Supplements Kenya.",8990.00,12500.00,"Food Supplements","","Nature's Craft","Glut-C","https://cdn.shopify.com/s/files/1/0668/3384/2462/files/reduced-glutathione-liposomal-vitamin-c-kenya-50248.png?v=1747251258",active
"Jarrow Borage Oil 1200mg","Get Jarrow Borage Oil 1200mg at unbeatable prices with same-day delivery in Nairobi, Kenya from Supplements Kenya.",4517.00,6000.00,"Food Supplements","","Jarrow Formulas","now1720-1","https://cdn.shopify.com/s/files/1/0668/3384/2462/files/jarrow-borage-oil-1000-mg-softgels-kenya-72404.jpg?v=1747251251",active
"Chaste Berry Vitex Extract - Kenya","Get Chaste Berry Vitex Extract - Kenya at unbeatable prices with same-day delivery in Nairobi, Kenya from Supplements Kenya.",3895.00,4995.00,"Food Supplements","","Nature's Way","'033674117507","https://cdn.shopify.com/s/files/1/0668/3384/2462/files/chaste-berry-vitex-extract-kenya-25578.webp?v=1750796900",active
"RepHresh Pro-B Probiotic Feminine Supplement.","Get RepHresh Pro-B Probiotic Feminine Supplement. at unbeatable prices with same-day delivery in Nairobi, Kenya from Supplements Kenya.",5195.00,6595.00,"Food Supplements","","RepHresh","'022600001126","https://cdn.shopify.com/s/files/1/0668/3384/2462/files/s-l1600.webp?v=1775802297",active
"Liposomal Glutathione Optimized","Get Liposomal Glutathione Optimized at unbeatable prices with same-day delivery in Nairobi, Kenya from Supplements Kenya.",12999.00,17999.00,"Food Supplements","","Core Med","'789185930752","https://cdn.shopify.com/s/files/1/0668/3384/2462/files/liposomal-glutathione-optimized-kenya-47458.png?v=1747251228",active
"Maca root Supplement - Kenya (750mg)","Get Maca root Supplement - Kenya (750mg) at unbeatable prices with same-day delivery in Nairobi, Kenya from Supplements Kenya.",3995.00,4800.00,"Women's Health","Hormonal Balance","Nutricost","now4721-1","https://cdn.shopify.com/s/files/1/0668/3384/2462/files/maca-750-mg-veg-capsules-kenya-34785.png?v=1747251225",active
"Nature's Bounty Vitamin E Oil","Get Nature's Bounty Vitamin E Oil at unbeatable prices with same-day delivery in Nairobi, Kenya from Supplements Kenya.",2495.00,3900.00,"Food Supplements","","Natures Bounty","'784179740980","https://cdn.shopify.com/s/files/1/0668/3384/2462/files/vitamin-e-oil-scar-removal-kenya-87327.jpg?v=1747251223",active
"Reduced Glutathione Supplement 30","Get Reduced Glutathione Supplement 30 at unbeatable prices with same-day delivery in Nairobi, Kenya from Supplements Kenya.",4995.00,7600.00,"Food Supplements","","Nature's Craft","'790011150398","https://cdn.shopify.com/s/files/1/0668/3384/2462/files/reduced-glutathione-supplement-30-capsules-nature-s-craft-kenya-39900.webp?v=1747251218",active
"Liposomal Vitamin C Supplement","Get Liposomal Vitamin C Supplement at unbeatable prices with same-day delivery in Nairobi, Kenya from Supplements Kenya.",3999.00,6600.00,"Vitamins","Vitamin C","Dr. Mercola","X001B9TZP1","https://cdn.shopify.com/s/files/1/0668/3384/2462/files/liposomal-vitamin-c-kenya-27831.png?v=1747251214",active
"Aztec Secret Indian Healing Clay (Bentonite Clay)","Get Aztec Secret Indian Healing Clay (Bentonite Clay) at unbeatable prices with same-day delivery in Nairobi, Kenya from Supplements Kenya.",2995.00,5495.00,"Food Supplements","","Aztec Secret","aztk01","https://cdn.shopify.com/s/files/1/0668/3384/2462/files/acne-aztec-secret-indian-healing-clay-bentonite-clay-kenya-1.jpg?v=1764638212",active
"CoQ10 Supplement - Kenya. Qunol Ubiquinol Mega 100 Softgels","Get CoQ10 Supplement - Kenya. Qunol Ubiquinol Mega 100 Softgels at unbeatable prices with same-day delivery in Nairobi, Kenya from Supplements Kenya.",6600.00,7500.00,"Food Supplements","","Qunol","COSQURED-1","https://cdn.shopify.com/s/files/1/0668/3384/2462/files/ubiquinol-coq10-mega-100-softgels-kenya-38963.jpg?v=1747251161",active
"Vitamin B Complex Supplement","Get Vitamin B Complex Supplement at unbeatable prices with same-day delivery in Nairobi, Kenya from Supplements Kenya.",2995.00,3459.00,"Vitamins","Vitamin B Complex","Life Extension","","https://cdn.shopify.com/s/files/1/0668/3384/2462/files/vitamin-b-complex-supplements-kenya-56369.png?v=1747251157",draft
"Biotin Supplement - Kenya","Get Biotin Supplement - Kenya at unbeatable prices with same-day delivery in Nairobi, Kenya from Supplements Kenya.",1995.00,2495.00,"Vitamins","Multivitamins","Life Extension","","https://cdn.shopify.com/s/files/1/0668/3384/2462/files/biotin-supplement-600mcg-kenya-27336.png?v=1747251156",active
"Daily Diabetes Health Pack - Kenya","Get Daily Diabetes Health Pack - Kenya at unbeatable prices with same-day delivery in Nairobi, Kenya from Supplements Kenya.",8495.00,10995.00,"Food Supplements","","Nature Made","","https://cdn.shopify.com/s/files/1/0668/3384/2462/files/daily-diabetes-health-pack-kenya-18761.webp?v=1747251155",active
"CholestOff? Complete","Get CholestOff? Complete at unbeatable prices with same-day delivery in Nairobi, Kenya from Supplements Kenya.",8230.00,8999.00,"Food Supplements","","Nature Made","","https://cdn.shopify.com/s/files/1/0668/3384/2462/files/cholestoff-r-complete-kenya-kenya-95678.png?v=1747251152",active
"Pure Garcinia Cambogia Extract","Get Pure Garcinia Cambogia Extract at unbeatable prices with same-day delivery in Nairobi, Kenya from Supplements Kenya.",6030.00,7900.00,"Food Supplements","","Schwartz Biosearch","SCHGC","https://cdn.shopify.com/s/files/1/0668/3384/2462/files/pure-garcinia-cambogia-extract-kenya-29059.jpg?v=1747251150",active
"14 Days Colon Detox Cleanse","Get 14 Days Colon Detox Cleanse at unbeatable prices with same-day delivery in Nairobi, Kenya from Supplements Kenya.",3995.00,5995.00,"Food Supplements","","Dr. Tobias","SCHCD","https://cdn.shopify.com/s/files/1/0668/3384/2462/files/14-days-colon-detox-cleanse-kenya-1.webp?v=1764638213",active
"L-Glutamine Supplements - Kenya (500 mg Capsules)","Get L-Glutamine Supplements - Kenya (500 mg Capsules) at unbeatable prices with same-day delivery in Nairobi, Kenya from Supplements Kenya.",2599.00,3900.00,"Food Supplements","","Life Extension","now0092","https://cdn.shopify.com/s/files/1/0668/3384/2462/products/l-glutamine-500-mg-capsules-kenya-19044.jpg?v=1747251138",active
"Gamma E Vitamin","Get Gamma E Vitamin at unbeatable prices with same-day delivery in Nairobi, Kenya from Supplements Kenya.",5018.00,6200.00,"Food Supplements","","Life Extension","now0810","https://cdn.shopify.com/s/files/1/0668/3384/2462/files/gamma-e-mixed-with-tocopherols-kenya-21336.png?v=1747251137",active
"Progesterone Cream Kenya","Get Progesterone Cream Kenya at unbeatable prices with same-day delivery in Nairobi, Kenya from Supplements Kenya.",5434.00,5995.00,"Food Supplements","","Life-Flo","now3338","https://cdn.shopify.com/s/files/1/0668/3384/2462/files/life-flo-progesta-care-progesterone-body-cream-kenya-94101.jpg?v=1747251135",active
"CLA (Conjugated Linoleic Acid) 1300","Get CLA (Conjugated Linoleic Acid) 1300 at unbeatable prices with same-day delivery in Nairobi, Kenya from Supplements Kenya.",3500.00,4700.00,"Food Supplements","","NatureWise","now1727","https://cdn.shopify.com/s/files/1/0668/3384/2462/products/cla-conjugated-linoleic-acid-1300-kenya-89450.jpg?v=1747251131",active
"Optimized Ashwagandha Extract 60 Veg Capsules","Get Optimized Ashwagandha Extract 60 Veg Capsules at unbeatable prices with same-day delivery in Nairobi, Kenya from Supplements Kenya.",2200.00,3500.00,"Food Supplements","","Life Extension","now4603","https://cdn.shopify.com/s/files/1/0668/3384/2462/files/ASHWA.jpg?v=1751445175",active
